url,title,playlist_url
https://www.youtube.com/watch?v=CeUwtdMU7Qs,Alone together - Play along - Eb version,https://youtube.com/playlist?list=PLwASK72qOY0ilVdf85SqD3KQlOO5k2DEV&si=pHUpG4x2Lji5wwl4
https://www.youtube.com/watch?v=lHQUEg1ttRw,Angel eyes - Play along - Eb version,https://youtube.com/playlist?list=PLwASK72qOY0ilVdf85SqD3KQlOO5k2DEV&si=pHUpG4x2Lji5wwl4
https://www.youtube.com/watch?v=2W0nLG9mCzg,All the things you are - Play along - Eb version,https://youtube.com/playlist?list=PLwASK72qOY0ilVdf85SqD3KQlOO5k2DEV&si=pHUpG4x2Lji5wwl4
https://www.youtube.com/watch?v=28MYsm3_APw,All of me - Play along - Eb version,https://youtube.com/playlist?list=PLwASK72qOY0ilVdf85SqD3KQlOO5k2DEV&si=pHUpG4x2Lji5wwl4
https://www.youtube.com/watch?v=q7U1wvYFbyk,Alice in wonderland - Play along - Eb version,https://youtube.com/playlist?list=PLwASK72qOY0ilVdf85SqD3KQlOO5k2DEV&si=pHUpG4x2Lji5wwl4
https://www.youtube.com/watch?v=3CV4rm1xSNw,Afternoon in paris - Play along - Eb version,https://youtube.com/playlist?list=PLwASK72qOY0ilVdf85SqD3KQlOO5k2DEV&si=pHUpG4x2Lji5wwl4
https://www.youtube.com/watch?v=qWrt16G7PPU,A foggy day - Play along - Eb version,https://youtube.com/playlist?list=PLwASK72qOY0ilVdf85SqD3KQlOO5k2DEV&si=pHUpG4x2Lji5wwl4
https://www.youtube.com/watch?v=BeqLJvPbYfA,A fine romance - Play along - Eb version,https://youtube.com/playlist?list=PLwASK72qOY0ilVdf85SqD3KQlOO5k2DEV&si=pHUpG4x2Lji5wwl4
https://www.youtube.com/watch?v=55CEKJhvQoE,500 miles high - Play along - Eb Instruments version,https://youtube.com/playlist?list=PLwASK72qOY0ilVdf85SqD3KQlOO5k2DEV&si=pHUpG4x2Lji5wwl4
https://www.youtube.com/watch?v=6yqrgDm5kqA,A child is born - Play along - Eb Version,https://youtube.com/playlist?list=PLwASK72qOY0ilVdf85SqD3KQlOO5k2DEV&si=pHUpG4x2Lji5wwl4
https://www.youtube.com/watch?v=AUJXrzgiktc,502 Blues - Play along - Eb version,https://youtube.com/playlist?list=PLwASK72qOY0ilVdf85SqD3KQlOO5k2DEV&si=pHUpG4x2Lji5wwl4
https://www.youtube.com/watch?v=36GceAj1Ag4,Blue Bossa Eb version - Play along,https://youtube.com/playlist?list=PLwASK72qOY0ilVdf85SqD3KQlOO5k2DEV&si=pHUpG4x2Lji5wwl4
https://www.youtube.com/watch?v=A_W8Ms5vG7o,Afro Blue - Play along - Eb version,https://youtube.com/playlist?list=PLwASK72qOY0ilVdf85SqD3KQlOO5k2DEV&si=pHUpG4x2Lji5wwl4
https://www.youtube.com/watch?v=UGLX24lEoro,Airegin - Play along - Eb version,https://youtube.com/playlist?list=PLwASK72qOY0ilVdf85SqD3KQlOO5k2DEV&si=pHUpG4x2Lji5wwl4
https://www.youtube.com/watch?v=P4Wwp56Pt9Y,All Blues - Play along - Eb version,https://youtube.com/playlist?list=PLwASK72qOY0ilVdf85SqD3KQlOO5k2DEV&si=pHUpG4x2Lji5wwl4
https://www.youtube.com/watch?v=sy7l22Ug-HY,All in love is fair - Play along - Eb version,https://youtube.com/playlist?list=PLwASK72qOY0ilVdf85SqD3KQlOO5k2DEV&si=pHUpG4x2Lji5wwl4
https://www.youtube.com/watch?v=S-ye2fdHwEU,All My Tomorrows - Play along - Eb version,https://youtube.com/playlist?list=PLwASK72qOY0ilVdf85SqD3KQlOO5k2DEV&si=pHUpG4x2Lji5wwl4
https://www.youtube.com/watch?v=E65ugcVpw9A,All of You - Play along - Eb version,https://youtube.com/playlist?list=PLwASK72qOY0ilVdf85SqD3KQlOO5k2DEV&si=pHUpG4x2Lji5wwl4
https://www.youtube.com/watch?v=24JI-VA-58A,Ana Maria - Play along - Eb version,https://youtube.com/playlist?list=PLwASK72qOY0ilVdf85SqD3KQlOO5k2DEV&si=pHUpG4x2Lji5wwl4
https://www.youtube.com/watch?v=DOaYqpQwEJY,Anthropology - Play along - Eb version,https://youtube.com/playlist?list=PLwASK72qOY0ilVdf85SqD3KQlOO5k2DEV&si=pHUpG4x2Lji5wwl4
https://www.youtube.com/watch?v=0lXIpG10Y-A,April In Paris - Play along - Eb version,https://youtube.com/playlist?list=PLwASK72qOY0ilVdf85SqD3KQlOO5k2DEV&si=pHUpG4x2Lji5wwl4
https://www.youtube.com/watch?v=0jal8CJhum4,Arise Her Eyes - Play along - Eb version,https://youtube.com/playlist?list=PLwASK72qOY0ilVdf85SqD3KQlOO5k2DEV&si=pHUpG4x2Lji5wwl4
https://www.youtube.com/watch?v=9bs6pU0KsUw,Autumn In New York - Play along - Eb version,https://youtube.com/playlist?list=PLwASK72qOY0ilVdf85SqD3KQlOO5k2DEV&si=pHUpG4x2Lji5wwl4
https://www.youtube.com/watch?v=XKybOsnA2JY,April Joy - Play along - Eb version,https://youtube.com/playlist?list=PLwASK72qOY0ilVdf85SqD3KQlOO5k2DEV&si=pHUpG4x2Lji5wwl4
https://www.youtube.com/watch?v=w_e0tq9hvW0,Au Privave  - Play along - Eb version,https://youtube.com/playlist?list=PLwASK72qOY0ilVdf85SqD3KQlOO5k2DEV&si=pHUpG4x2Lji5wwl4
https://www.youtube.com/watch?v=B9wcuw8bd6M,As Time Goes By - Play along - Eb version,https://youtube.com/playlist?list=PLwASK72qOY0ilVdf85SqD3KQlOO5k2DEV&si=pHUpG4x2Lji5wwl4
https://www.youtube.com/watch?v=Ck66hA06U8M,Autumn Leaves E minor version - Play along - Eb version,https://youtube.com/playlist?list=PLwASK72qOY0ilVdf85SqD3KQlOO5k2DEV&si=pHUpG4x2Lji5wwl4
https://www.youtube.com/watch?v=_baUGaYOJdk,Beautiful love - Play along - Eb instruments,https://youtube.com/playlist?list=PLwASK72qOY0ilVdf85SqD3KQlOO5k2DEV&si=pHUpG4x2Lji5wwl4
https://www.youtube.com/watch?v=txRLLVfj6eY,Billie's Bounce - Play along - Eb instruments,https://youtube.com/playlist?list=PLwASK72qOY0ilVdf85SqD3KQlOO5k2DEV&si=pHUpG4x2Lji5wwl4
https://www.youtube.com/watch?v=SvTpx-c5CvI,Confirmation - Play along - Eb instruments,https://youtube.com/playlist?list=PLwASK72qOY0ilVdf85SqD3KQlOO5k2DEV&si=pHUpG4x2Lji5wwl4
https://www.youtube.com/watch?v=MHG1VdfCEAg,Dewey Square - Play along - Eb instruments,https://youtube.com/playlist?list=PLwASK72qOY0ilVdf85SqD3KQlOO5k2DEV&si=pHUpG4x2Lji5wwl4
https://www.youtube.com/watch?v=O2oNC5yzxtM,Donna Lee -Play along - Eb instruments,https://youtube.com/playlist?list=PLwASK72qOY0ilVdf85SqD3KQlOO5k2DEV&si=pHUpG4x2Lji5wwl4
https://www.youtube.com/watch?v=xKSePK3pvLQ,My little suede shoes - Play along - Eb instruments,https://youtube.com/playlist?list=PLwASK72qOY0ilVdf85SqD3KQlOO5k2DEV&si=pHUpG4x2Lji5wwl4
https://www.youtube.com/watch?v=339fuGmVxGQ,Now's The Time - Play along - Eb instruments,https://youtube.com/playlist?list=PLwASK72qOY0ilVdf85SqD3KQlOO5k2DEV&si=pHUpG4x2Lji5wwl4
https://www.youtube.com/watch?v=twLRBhjhosA,Ornithology - Play along - Eb instruments,https://youtube.com/playlist?list=PLwASK72qOY0ilVdf85SqD3KQlOO5k2DEV&si=pHUpG4x2Lji5wwl4
https://www.youtube.com/watch?v=qg4ayW99Kp8,Scrapple From The Apple - Play along - Eb instruments,https://youtube.com/playlist?list=PLwASK72qOY0ilVdf85SqD3KQlOO5k2DEV&si=pHUpG4x2Lji5wwl4
https://www.youtube.com/watch?v=dAqtkbzDyQY,Thirving from a riff (Anthropology) - Play Along - Eb instruments,https://youtube.com/playlist?list=PLwASK72qOY0ilVdf85SqD3KQlOO5k2DEV&si=pHUpG4x2Lji5wwl4
https://www.youtube.com/watch?v=OoxaDUJN3dY,Yardbird Suite - Play along - Eb instruments,https://youtube.com/playlist?list=PLwASK72qOY0ilVdf85SqD3KQlOO5k2DEV&si=pHUpG4x2Lji5wwl4
https://www.youtube.com/watch?v=3HrliROCoyc,Perdido - Play along - Eb instruments,https://youtube.com/playlist?list=PLwASK72qOY0ilVdf85SqD3KQlOO5k2DEV&si=pHUpG4x2Lji5wwl4
https://www.youtube.com/watch?v=9mIGgTQtht0,Nardis - Play along - Eb instruments,https://youtube.com/playlist?list=PLwASK72qOY0ilVdf85SqD3KQlOO5k2DEV&si=pHUpG4x2Lji5wwl4
https://www.youtube.com/watch?v=pQWsSNIlQd8,Milestones - Play along - Eb instruments,https://youtube.com/playlist?list=PLwASK72qOY0ilVdf85SqD3KQlOO5k2DEV&si=pHUpG4x2Lji5wwl4
https://www.youtube.com/watch?v=ByItXQ6Vnc0,In a sentimental mood - Play along - Eb instruments,https://youtube.com/playlist?list=PLwASK72qOY0ilVdf85SqD3KQlOO5k2DEV&si=pHUpG4x2Lji5wwl4
https://www.youtube.com/watch?v=LvcQ7Z1CUI4,I'm just a lucky so and so - Play along - Eb instruments,https://youtube.com/playlist?list=PLwASK72qOY0ilVdf85SqD3KQlOO5k2DEV&si=pHUpG4x2Lji5wwl4
https://www.youtube.com/watch?v=KmW7b65s12U,I'm beginning to see the light - Play along - Eb instruments,https://youtube.com/playlist?list=PLwASK72qOY0ilVdf85SqD3KQlOO5k2DEV&si=pHUpG4x2Lji5wwl4
https://www.youtube.com/watch?v=I8fDzlNjw_0,Blue In Green - Play along - Eb instruments,https://youtube.com/playlist?list=PLwASK72qOY0ilVdf85SqD3KQlOO5k2DEV&si=pHUpG4x2Lji5wwl4
https://www.youtube.com/watch?v=Ur8thLN_dZg,Caravan - Play along - Eb instruments,https://youtube.com/playlist?list=PLwASK72qOY0ilVdf85SqD3KQlOO5k2DEV&si=pHUpG4x2Lji5wwl4
https://www.youtube.com/watch?v=kGgXKLjXNCI,Do Nothin' Till You Hear From Me - Play along - Eb instruments,https://youtube.com/playlist?list=PLwASK72qOY0ilVdf85SqD3KQlOO5k2DEV&si=pHUpG4x2Lji5wwl4
https://www.youtube.com/watch?v=T_J8fA2pPGE,Four - Play along - Eb instruments,https://youtube.com/playlist?list=PLwASK72qOY0ilVdf85SqD3KQlOO5k2DEV&si=pHUpG4x2Lji5wwl4
https://www.youtube.com/watch?v=CP95nSr9kMY,Half Nelson - Play along - Eb instruments,https://youtube.com/playlist?list=PLwASK72qOY0ilVdf85SqD3KQlOO5k2DEV&si=pHUpG4x2Lji5wwl4
https://www.youtube.com/watch?v=IyPK1YyJWEw,Tune up - Play along - Eb instruments,https://youtube.com/playlist?list=PLwASK72qOY0ilVdf85SqD3KQlOO5k2DEV&si=pHUpG4x2Lji5wwl4
https://www.youtube.com/watch?v=Nj1tMZCNjpo,"Take the ""A"" train - Play along - Eb instruments",https://youtube.com/playlist?list=PLwASK72qOY0ilVdf85SqD3KQlOO5k2DEV&si=pHUpG4x2Lji5wwl4
https://www.youtube.com/watch?v=gfFo4xwT5sI,Sophisticated lady - Play along - Eb instruments,https://youtube.com/playlist?list=PLwASK72qOY0ilVdf85SqD3KQlOO5k2DEV&si=pHUpG4x2Lji5wwl4
https://www.youtube.com/watch?v=vdR_G_VM54U,Solar - Play along - Eb instruments,https://youtube.com/playlist?list=PLwASK72qOY0ilVdf85SqD3KQlOO5k2DEV&si=pHUpG4x2Lji5wwl4
https://www.youtube.com/watch?v=6DgJBHIUZYE,Seven steps to heaven - Play along - Eb instruments,https://youtube.com/playlist?list=PLwASK72qOY0ilVdf85SqD3KQlOO5k2DEV&si=pHUpG4x2Lji5wwl4
https://www.youtube.com/watch?v=1rTRWo53JCI,Satin doll - Play along - Eb instruments,https://youtube.com/playlist?list=PLwASK72qOY0ilVdf85SqD3KQlOO5k2DEV&si=pHUpG4x2Lji5wwl4
https://www.youtube.com/watch?v=fuTnyPUVQcE,Prelude to a kiss - Play along - Eb instruments,https://youtube.com/playlist?list=PLwASK72qOY0ilVdf85SqD3KQlOO5k2DEV&si=pHUpG4x2Lji5wwl4
https://www.youtube.com/watch?v=sTkQXe2dYto,Feels so good - Play along - Eb instruments,https://youtube.com/playlist?list=PLwASK72qOY0ilVdf85SqD3KQlOO5k2DEV&si=pHUpG4x2Lji5wwl4
https://www.youtube.com/watch?v=O03gq_6NttM,Feels so good - Play along - Eb instruments,https://youtube.com/playlist?list=PLwASK72qOY0ilVdf85SqD3KQlOO5k2DEV&si=pHUpG4x2Lji5wwl4
https://www.youtube.com/watch?v=JgQVTlRdxus,Birk's works - Play along - Eb instruments,https://youtube.com/playlist?list=PLwASK72qOY0ilVdf85SqD3KQlOO5k2DEV&si=pHUpG4x2Lji5wwl4
https://www.youtube.com/watch?v=gJ0AfqdBbys,Blues for alice - Play along - Eb instruments,https://youtube.com/playlist?list=PLwASK72qOY0ilVdf85SqD3KQlOO5k2DEV&si=pHUpG4x2Lji5wwl4
https://www.youtube.com/watch?v=0BdQqsNnUl4,Blues in the closet - Play along - Eb instruments,https://youtube.com/playlist?list=PLwASK72qOY0ilVdf85SqD3KQlOO5k2DEV&si=pHUpG4x2Lji5wwl4
https://www.youtube.com/watch?v=955KwvVAebA,C Jam blues - Play along - Eb instruments,https://youtube.com/playlist?list=PLwASK72qOY0ilVdf85SqD3KQlOO5k2DEV&si=pHUpG4x2Lji5wwl4
https://www.youtube.com/watch?v=3rracbvJDso,Freddie freeloader - Play along - Eb instruments,https://youtube.com/playlist?list=PLwASK72qOY0ilVdf85SqD3KQlOO5k2DEV&si=pHUpG4x2Lji5wwl4
https://www.youtube.com/watch?v=0ZyW0FCXZ0k,Mr.  P.C.  - Play along - Eb instruments,https://youtube.com/playlist?list=PLwASK72qOY0ilVdf85SqD3KQlOO5k2DEV&si=pHUpG4x2Lji5wwl4
https://www.youtube.com/watch?v=xBOPO9VhpUc,Tenor madness - Play along - Eb instruments,https://youtube.com/playlist?list=PLwASK72qOY0ilVdf85SqD3KQlOO5k2DEV&si=pHUpG4x2Lji5wwl4
https://www.youtube.com/watch?v=SmNUswH-0q0,Things ain't what they used to be - Play along - Eb instruments,https://youtube.com/playlist?list=PLwASK72qOY0ilVdf85SqD3KQlOO5k2DEV&si=pHUpG4x2Lji5wwl4
https://www.youtube.com/watch?v=a5xEjWwFhMI,The Nearness of You- Play along - Eb Instruments,https://youtube.com/playlist?list=PLwASK72qOY0ilVdf85SqD3KQlOO5k2DEV&si=pHUpG4x2Lji5wwl4
https://www.youtube.com/watch?v=w5Jxv4X0TWA,My Romance- Play along - Eb Instruments,https://youtube.com/playlist?list=PLwASK72qOY0ilVdf85SqD3KQlOO5k2DEV&si=pHUpG4x2Lji5wwl4
https://www.youtube.com/watch?v=onUNt4xFI30,My One And Only Love- Play along - Eb Instruments,https://youtube.com/playlist?list=PLwASK72qOY0ilVdf85SqD3KQlOO5k2DEV&si=pHUpG4x2Lji5wwl4
https://www.youtube.com/watch?v=WBbxXdfJXU4,My Funny Valentine- Play along - Eb Instruments,https://youtube.com/playlist?list=PLwASK72qOY0ilVdf85SqD3KQlOO5k2DEV&si=pHUpG4x2Lji5wwl4
https://www.youtube.com/watch?v=juO13GNGINY,My Foolish Heart- Play along - Eb Instruments,https://youtube.com/playlist?list=PLwASK72qOY0ilVdf85SqD3KQlOO5k2DEV&si=pHUpG4x2Lji5wwl4
https://www.youtube.com/watch?v=_yAHalBKo2c,Here is That Rainy Day- Play along - Eb Instruments,https://youtube.com/playlist?list=PLwASK72qOY0ilVdf85SqD3KQlOO5k2DEV&si=pHUpG4x2Lji5wwl4
https://www.youtube.com/watch?v=-7Aj4E_YaSM,Misty- Play along - Eb Instruments,https://youtube.com/playlist?list=PLwASK72qOY0ilVdf85SqD3KQlOO5k2DEV&si=pHUpG4x2Lji5wwl4
https://www.youtube.com/watch?v=h8282MiwpIY,But Beautiful- Play along - Eb Instruments,https://youtube.com/playlist?list=PLwASK72qOY0ilVdf85SqD3KQlOO5k2DEV&si=pHUpG4x2Lji5wwl4
https://www.youtube.com/watch?v=OrgIDgVb_gs,Body and Soul- Play along - Eb Instruments,https://youtube.com/playlist?list=PLwASK72qOY0ilVdf85SqD3KQlOO5k2DEV&si=pHUpG4x2Lji5wwl4
https://www.youtube.com/watch?v=ebpo7qslikA,Angel eyes - Play along - Bb version,https://youtube.com/playlist?list=PLwASK72qOY0hj67HwBbZhEce3vSC63bJo&si=kxdwoECGxt0_819m
https://www.youtube.com/watch?v=eTEWMTAt0Es,Alone together - Play along - Bb version,https://youtube.com/playlist?list=PLwASK72qOY0hj67HwBbZhEce3vSC63bJo&si=kxdwoECGxt0_819m
https://www.youtube.com/watch?v=tNaX4yjApsI,All the things you are - Play along - Bb version,https://youtube.com/playlist?list=PLwASK72qOY0hj67HwBbZhEce3vSC63bJo&si=kxdwoECGxt0_819m
https://www.youtube.com/watch?v=SLG0MyuSvhw,All of me - Play along - Bb version,https://youtube.com/playlist?list=PLwASK72qOY0hj67HwBbZhEce3vSC63bJo&si=kxdwoECGxt0_819m
https://www.youtube.com/watch?v=XfV0f99-QoI,Alice in wonderland - Play along - Bb version,https://youtube.com/playlist?list=PLwASK72qOY0hj67HwBbZhEce3vSC63bJo&si=kxdwoECGxt0_819m
https://www.youtube.com/watch?v=doT6gEQ1ye4,Afternoon in paris - Play along - Bb version,https://youtube.com/playlist?list=PLwASK72qOY0hj67HwBbZhEce3vSC63bJo&si=kxdwoECGxt0_819m
https://www.youtube.com/watch?v=UjGiM93iOuA,A foggy day - Play along - Bb version,https://youtube.com/playlist?list=PLwASK72qOY0hj67HwBbZhEce3vSC63bJo&si=kxdwoECGxt0_819m
https://www.youtube.com/watch?v=spdAilKOO08,A fine romance - Play along - Bb version,https://youtube.com/playlist?list=PLwASK72qOY0hj67HwBbZhEce3vSC63bJo&si=kxdwoECGxt0_819m
https://www.youtube.com/watch?v=yrryYtemJ70,500 miles high - Play along - Bb Instruments version,https://youtube.com/playlist?list=PLwASK72qOY0hj67HwBbZhEce3vSC63bJo&si=kxdwoECGxt0_819m
https://www.youtube.com/watch?v=Wgu9Bqogm_0,A child is born - Play along - Bb Version,https://youtube.com/playlist?list=PLwASK72qOY0hj67HwBbZhEce3vSC63bJo&si=kxdwoECGxt0_819m
https://www.youtube.com/watch?v=PpRTMlJVJ-o,502 Blues - Play along - Bb version,https://youtube.com/playlist?list=PLwASK72qOY0hj67HwBbZhEce3vSC63bJo&si=kxdwoECGxt0_819m
https://www.youtube.com/watch?v=nkxQKpXUUbE,Blue Bossa Bb version - Play along,https://youtube.com/playlist?list=PLwASK72qOY0hj67HwBbZhEce3vSC63bJo&si=kxdwoECGxt0_819m
https://www.youtube.com/watch?v=oC4vzjBiQkY,Afro Blue - Play along - Bb version,https://youtube.com/playlist?list=PLwASK72qOY0hj67HwBbZhEce3vSC63bJo&si=kxdwoECGxt0_819m
https://www.youtube.com/watch?v=GhSFO6fqY6E,Airegin - Play along - Bb version,https://youtube.com/playlist?list=PLwASK72qOY0hj67HwBbZhEce3vSC63bJo&si=kxdwoECGxt0_819m
https://www.youtube.com/watch?v=k2HVEPxpysY,All Blues - Play along - Bb version,https://youtube.com/playlist?list=PLwASK72qOY0hj67HwBbZhEce3vSC63bJo&si=kxdwoECGxt0_819m
https://www.youtube.com/watch?v=f8a27oyhTg0,All in love is fair - Play along - Bb version,https://youtube.com/playlist?list=PLwASK72qOY0hj67HwBbZhEce3vSC63bJo&si=kxdwoECGxt0_819m
https://www.youtube.com/watch?v=_N-88sWysH4,All My Tomorrows - Play along - Bb version,https://youtube.com/playlist?list=PLwASK72qOY0hj67HwBbZhEce3vSC63bJo&si=kxdwoECGxt0_819m
https://www.youtube.com/watch?v=3orf2lpTDN8,All of You - Play along - Bb version,https://youtube.com/playlist?list=PLwASK72qOY0hj67HwBbZhEce3vSC63bJo&si=kxdwoECGxt0_819m
https://www.youtube.com/watch?v=xQW8bnE0tuM,Ana Maria - Play along - Bb version,https://youtube.com/playlist?list=PLwASK72qOY0hj67HwBbZhEce3vSC63bJo&si=kxdwoECGxt0_819m
https://www.youtube.com/watch?v=U6dXXgh0Vf0,Anthropology - Play along - Bb version,https://youtube.com/playlist?list=PLwASK72qOY0hj67HwBbZhEce3vSC63bJo&si=kxdwoECGxt0_819m
https://www.youtube.com/watch?v=xh7SE0czabA,April In Paris - Play along - Bb version,https://youtube.com/playlist?list=PLwASK72qOY0hj67HwBbZhEce3vSC63bJo&si=kxdwoECGxt0_819m
https://www.youtube.com/watch?v=XjLT9f3_qY4,April Joy - Play along - Bb version,https://youtube.com/playlist?list=PLwASK72qOY0hj67HwBbZhEce3vSC63bJo&si=kxdwoECGxt0_819m
https://www.youtube.com/watch?v=AZDd4wNfTtM,Autumn Leaves D minor version - Play along - Bb version,https://youtube.com/playlist?list=PLwASK72qOY0hj67HwBbZhEce3vSC63bJo&si=kxdwoECGxt0_819m
https://www.youtube.com/watch?v=69aT_GW3Zlo,Arise Her Eyes - Play along - Bb version,https://youtube.com/playlist?list=PLwASK72qOY0hj67HwBbZhEce3vSC63bJo&si=kxdwoECGxt0_819m
https://www.youtube.com/watch?v=-1yv3880gCo,Autumn In New York - Play along - Bb version,https://youtube.com/playlist?list=PLwASK72qOY0hj67HwBbZhEce3vSC63bJo&si=kxdwoECGxt0_819m
https://www.youtube.com/watch?v=B56O5wkMdAE,As Time Goes By - Play along - Bb version,https://youtube.com/playlist?list=PLwASK72qOY0hj67HwBbZhEce3vSC63bJo&si=kxdwoECGxt0_819m
https://www.youtube.com/watch?v=sbdogIo6Deg,Au Privave  - Play along - Bb version,https://youtube.com/playlist?list=PLwASK72qOY0hj67HwBbZhEce3vSC63bJo&si=kxdwoECGxt0_819m
https://www.youtube.com/watch?v=bwPD4Nofv6s,Autumn Leaves E minor version - Play along - Bb version,https://youtube.com/playlist?list=PLwASK72qOY0hj67HwBbZhEce3vSC63bJo&si=kxdwoECGxt0_819m
https://www.youtube.com/watch?v=5WCxv7App3c,Billie's Bounce - Play along - Bb instruments,https://youtube.com/playlist?list=PLwASK72qOY0hj67HwBbZhEce3vSC63bJo&si=kxdwoECGxt0_819m
https://www.youtube.com/watch?v=NOSzDKCnEn4,Confirmation - Play along - Bb instruments,https://youtube.com/playlist?list=PLwASK72qOY0hj67HwBbZhEce3vSC63bJo&si=kxdwoECGxt0_819m
https://www.youtube.com/watch?v=qmZU1UQRBvM,Dewey Square - Play along - Bb instruments,https://youtube.com/playlist?list=PLwASK72qOY0hj67HwBbZhEce3vSC63bJo&si=kxdwoECGxt0_819m
https://www.youtube.com/watch?v=PTTDqLTc5l8,Beautiful Love - Play along - Bb instruments,https://youtube.com/playlist?list=PLwASK72qOY0hj67HwBbZhEce3vSC63bJo&si=kxdwoECGxt0_819m
https://www.youtube.com/watch?v=wlwWn7H1jxc,Donna Lee  -Play along - Bb instruments,https://youtube.com/playlist?list=PLwASK72qOY0hj67HwBbZhEce3vSC63bJo&si=kxdwoECGxt0_819m
https://www.youtube.com/watch?v=HA8tF7HgFc0,My little suede shoes - Play along - Bb instruments,https://youtube.com/playlist?list=PLwASK72qOY0hj67HwBbZhEce3vSC63bJo&si=kxdwoECGxt0_819m
https://www.youtube.com/watch?v=bDnAszw0Ecs,Now's The Time - Play along - Bb instruments,https://youtube.com/playlist?list=PLwASK72qOY0hj67HwBbZhEce3vSC63bJo&si=kxdwoECGxt0_819m
https://www.youtube.com/watch?v=LiW4jPVjTGU,Ornithology - Play along - Bb instruments,https://youtube.com/playlist?list=PLwASK72qOY0hj67HwBbZhEce3vSC63bJo&si=kxdwoECGxt0_819m
https://www.youtube.com/watch?v=1bRycvSxE5c,Scrapple From The Apple - Play along - Bb instruments,https://youtube.com/playlist?list=PLwASK72qOY0hj67HwBbZhEce3vSC63bJo&si=kxdwoECGxt0_819m
https://www.youtube.com/watch?v=92YFPsYX5kk,Thirving from a riff (Anthropology) - Play Along - Bb instruments,https://youtube.com/playlist?list=PLwASK72qOY0hj67HwBbZhEce3vSC63bJo&si=kxdwoECGxt0_819m
https://www.youtube.com/watch?v=VzrjuVhRLvY,Yardbird Suite - Play along - Bb instruments,https://youtube.com/playlist?list=PLwASK72qOY0hj67HwBbZhEce3vSC63bJo&si=kxdwoECGxt0_819m
https://www.youtube.com/watch?v=kkXE2_0Rn20,Perdido - Play along - Bb instruments,https://youtube.com/playlist?list=PLwASK72qOY0hj67HwBbZhEce3vSC63bJo&si=kxdwoECGxt0_819m
https://www.youtube.com/watch?v=y1HIFB8AkVk,Nardis - Play along - Bb instruments,https://youtube.com/playlist?list=PLwASK72qOY0hj67HwBbZhEce3vSC63bJo&si=kxdwoECGxt0_819m
https://www.youtube.com/watch?v=h3WQlRBZhzw,Milestones - Play along - Bb instruments,https://youtube.com/playlist?list=PLwASK72qOY0hj67HwBbZhEce3vSC63bJo&si=kxdwoECGxt0_819m
https://www.youtube.com/watch?v=v3Kv1k0rLJY,In a sentimental mood - Play along - Bb instruments,https://youtube.com/playlist?list=PLwASK72qOY0hj67HwBbZhEce3vSC63bJo&si=kxdwoECGxt0_819m
https://www.youtube.com/watch?v=eYefbaYVDBs,I'm just a lucky so and so - Play along - Bb instruments,https://youtube.com/playlist?list=PLwASK72qOY0hj67HwBbZhEce3vSC63bJo&si=kxdwoECGxt0_819m
https://www.youtube.com/watch?v=WxIxT-ce2I8,I'm beginning to see the light - Play along - Bb instruments,https://youtube.com/playlist?list=PLwASK72qOY0hj67HwBbZhEce3vSC63bJo&si=kxdwoECGxt0_819m
https://www.youtube.com/watch?v=FspDIEKxJnk,Blue In Green - Play along - Bb instruments,https://youtube.com/playlist?list=PLwASK72qOY0hj67HwBbZhEce3vSC63bJo&si=kxdwoECGxt0_819m
https://www.youtube.com/watch?v=3dN0GlHjZBw,Caravan - Play along - Bb instruments,https://youtube.com/playlist?list=PLwASK72qOY0hj67HwBbZhEce3vSC63bJo&si=kxdwoECGxt0_819m
https://www.youtube.com/watch?v=6VGfMgVYUz4,Do Nothin' Till You Hear From Me - Play along - Bb instruments,https://youtube.com/playlist?list=PLwASK72qOY0hj67HwBbZhEce3vSC63bJo&si=kxdwoECGxt0_819m
https://www.youtube.com/watch?v=rLvUHRVHDv4,Four - Play along - Bb instruments,https://youtube.com/playlist?list=PLwASK72qOY0hj67HwBbZhEce3vSC63bJo&si=kxdwoECGxt0_819m
https://www.youtube.com/watch?v=pmoJZI5-V3Y,Half Nelson - Play along - Bb instruments,https://youtube.com/playlist?list=PLwASK72qOY0hj67HwBbZhEce3vSC63bJo&si=kxdwoECGxt0_819m
https://www.youtube.com/watch?v=pZdaaL-9Tjc,Tune up - Play along - Bb instruments,https://youtube.com/playlist?list=PLwASK72qOY0hj67HwBbZhEce3vSC63bJo&si=kxdwoECGxt0_819m
https://www.youtube.com/watch?v=h-_o7YUl3aQ,"Take the ""A"" train - Play along - Bb instruments",https://youtube.com/playlist?list=PLwASK72qOY0hj67HwBbZhEce3vSC63bJo&si=kxdwoECGxt0_819m
https://www.youtube.com/watch?v=frBtJaxecqI,Sophisticated lady - Play along - Bb instruments,https://youtube.com/playlist?list=PLwASK72qOY0hj67HwBbZhEce3vSC63bJo&si=kxdwoECGxt0_819m
https://www.youtube.com/watch?v=cgQFQVGoPjs,Solar - Play along - Bb instruments,https://youtube.com/playlist?list=PLwASK72qOY0hj67HwBbZhEce3vSC63bJo&si=kxdwoECGxt0_819m
https://www.youtube.com/watch?v=2Vmsk9ycg5M,Seven steps to heaven - Play along - Bb instruments,https://youtube.com/playlist?list=PLwASK72qOY0hj67HwBbZhEce3vSC63bJo&si=kxdwoECGxt0_819m
https://www.youtube.com/watch?v=UfKDrHEfUQw,Satin doll - Play along - Bb instruments,https://youtube.com/playlist?list=PLwASK72qOY0hj67HwBbZhEce3vSC63bJo&si=kxdwoECGxt0_819m
https://www.youtube.com/watch?v=TdMddHdet94,Prelude to a kiss - Play along - Bb instruments,https://youtube.com/playlist?list=PLwASK72qOY0hj67HwBbZhEce3vSC63bJo&si=kxdwoECGxt0_819m
https://www.youtube.com/watch?v=koPr3xvaOTo,Feels so good - Play along - Bb instruments,https://youtube.com/playlist?list=PLwASK72qOY0hj67HwBbZhEce3vSC63bJo&si=kxdwoECGxt0_819m
https://www.youtube.com/watch?v=nFwdSYNfGXI,Birk's works - Play along - Bb instruments,https://youtube.com/playlist?list=PLwASK72qOY0hj67HwBbZhEce3vSC63bJo&si=kxdwoECGxt0_819m
https://www.youtube.com/watch?v=v3f3UYrppAA,Blues for alice - Play along - Bb instruments,https://youtube.com/playlist?list=PLwASK72qOY0hj67HwBbZhEce3vSC63bJo&si=kxdwoECGxt0_819m
https://www.youtube.com/watch?v=JLdr8vI1zQc,Blues in the closet - Play along - Bb instruments,https://youtube.com/playlist?list=PLwASK72qOY0hj67HwBbZhEce3vSC63bJo&si=kxdwoECGxt0_819m
https://www.youtube.com/watch?v=oQ5Jh28J4o0,C Jam blues - Play along - Bb instruments,https://youtube.com/playlist?list=PLwASK72qOY0hj67HwBbZhEce3vSC63bJo&si=kxdwoECGxt0_819m
https://www.youtube.com/watch?v=0HawoK9gMyw,Freddie freeloader - Play along - Bb instruments,https://youtube.com/playlist?list=PLwASK72qOY0hj67HwBbZhEce3vSC63bJo&si=kxdwoECGxt0_819m
https://www.youtube.com/watch?v=lUaQkQJipMs,Mr.  P.C. -  Play along - Bb instruments,https://youtube.com/playlist?list=PLwASK72qOY0hj67HwBbZhEce3vSC63bJo&si=kxdwoECGxt0_819m
https://www.youtube.com/watch?v=ZmWgSU41R7U,Tenor madness - Play along - Bb instruments,https://youtube.com/playlist?list=PLwASK72qOY0hj67HwBbZhEce3vSC63bJo&si=kxdwoECGxt0_819m
https://www.youtube.com/watch?v=BqAf9T-VR3M,Things ain't what they used to be - Play along - Bb instruments,https://youtube.com/playlist?list=PLwASK72qOY0hj67HwBbZhEce3vSC63bJo&si=kxdwoECGxt0_819m
https://www.youtube.com/watch?v=En12e906xIM,The Nearness of You- Play along - Bb Instruments,https://youtube.com/playlist?list=PLwASK72qOY0hj67HwBbZhEce3vSC63bJo&si=kxdwoECGxt0_819m
https://www.youtube.com/watch?v=_bSjZ-EXPSg,My Romance- Play along - Bb Instruments,https://youtube.com/playlist?list=PLwASK72qOY0hj67HwBbZhEce3vSC63bJo&si=kxdwoECGxt0_819m
https://www.youtube.com/watch?v=_fnquE3oRao,My One And Only Love- Play along - Bb Instruments,https://youtube.com/playlist?list=PLwASK72qOY0hj67HwBbZhEce3vSC63bJo&si=kxdwoECGxt0_819m
https://www.youtube.com/watch?v=_IwvwZK6xwg,My Funny Valentine- Play along - Bb Instruments,https://youtube.com/playlist?list=PLwASK72qOY0hj67HwBbZhEce3vSC63bJo&si=kxdwoECGxt0_819m
https://www.youtube.com/watch?v=s4IINOuGmc0,My Foolish Heart- Play along - Bb Instruments,https://youtube.com/playlist?list=PLwASK72qOY0hj67HwBbZhEce3vSC63bJo&si=kxdwoECGxt0_819m
https://www.youtube.com/watch?v=veJ7HcjzNXI,Misty- Play along - Bb Instruments,https://youtube.com/playlist?list=PLwASK72qOY0hj67HwBbZhEce3vSC63bJo&si=kxdwoECGxt0_819m
https://www.youtube.com/watch?v=wxFm9-R1mJ4,Here is That Rainy Day- Play along - Bb Instruments,https://youtube.com/playlist?list=PLwASK72qOY0hj67HwBbZhEce3vSC63bJo&si=kxdwoECGxt0_819m
https://www.youtube.com/watch?v=yVY3F9bbjC0,But Beautiful- Play along - Bb Instruments,https://youtube.com/playlist?list=PLwASK72qOY0hj67HwBbZhEce3vSC63bJo&si=kxdwoECGxt0_819m
https://www.youtube.com/watch?v=f-53BHEPHQA,Body and Soul- Play along - Bb Instruments,https://youtube.com/playlist?list=PLwASK72qOY0hj67HwBbZhEce3vSC63bJo&si=kxdwoECGxt0_819m
https://www.youtube.com/watch?v=LBAMJCfY7uE,Angel eyes - Play along - C bass version,https://youtube.com/playlist?list=PLwASK72qOY0gKC-CuZw-BqupeoW9f6JnA&si=BqFhtYd7475Ng8WZ
https://www.youtube.com/watch?v=KgbdvyEwD4M,Alone together - Play along - C bass version,https://youtube.com/playlist?list=PLwASK72qOY0gKC-CuZw-BqupeoW9f6JnA&si=BqFhtYd7475Ng8WZ
https://www.youtube.com/watch?v=NuIPZK8EXsA,All the things you are - Play along - C bass version,https://youtube.com/playlist?list=PLwASK72qOY0gKC-CuZw-BqupeoW9f6JnA&si=BqFhtYd7475Ng8WZ
https://www.youtube.com/watch?v=zu1gLIgu9fM,All of me - Play along - C bass version,https://youtube.com/playlist?list=PLwASK72qOY0gKC-CuZw-BqupeoW9f6JnA&si=BqFhtYd7475Ng8WZ
https://www.youtube.com/watch?v=IfTKGlo9QnA,Alice in wonderland - Play along - C bass version,https://youtube.com/playlist?list=PLwASK72qOY0gKC-CuZw-BqupeoW9f6JnA&si=BqFhtYd7475Ng8WZ
https://www.youtube.com/watch?v=DHbc5iPfzLM,Afternoon in paris - Play along - C bass version,https://youtube.com/playlist?list=PLwASK72qOY0gKC-CuZw-BqupeoW9f6JnA&si=BqFhtYd7475Ng8WZ
https://www.youtube.com/watch?v=oUs6m1Z5VHU,A foggy day - Play along - C bass version,https://youtube.com/playlist?list=PLwASK72qOY0gKC-CuZw-BqupeoW9f6JnA&si=BqFhtYd7475Ng8WZ
https://www.youtube.com/watch?v=jdoybPmv6f4,A fine romance - Play along - C bass version,https://youtube.com/playlist?list=PLwASK72qOY0gKC-CuZw-BqupeoW9f6JnA&si=BqFhtYd7475Ng8WZ
https://www.youtube.com/watch?v=P30hz2iKQj0,500 miles high - Play along - C bass Instruments version,https://youtube.com/playlist?list=PLwASK72qOY0gKC-CuZw-BqupeoW9f6JnA&si=BqFhtYd7475Ng8WZ
https://www.youtube.com/watch?v=t8aT10tDhYY,A child is born - Play along - C bass Version,https://youtube.com/playlist?list=PLwASK72qOY0gKC-CuZw-BqupeoW9f6JnA&si=BqFhtYd7475Ng8WZ
https://www.youtube.com/watch?v=TdNxRfwhHdc,502 Blues - Play along - C bass version,https://youtube.com/playlist?list=PLwASK72qOY0gKC-CuZw-BqupeoW9f6JnA&si=BqFhtYd7475Ng8WZ
https://www.youtube.com/watch?v=PMx3uI6n460,Blue Bossa Bass clef version - Play along,https://youtube.com/playlist?list=PLwASK72qOY0gKC-CuZw-BqupeoW9f6JnA&si=BqFhtYd7475Ng8WZ
https://www.youtube.com/watch?v=ZZYLxym0LxQ,Afro Blue - Play along - C bass version,https://youtube.com/playlist?list=PLwASK72qOY0gKC-CuZw-BqupeoW9f6JnA&si=BqFhtYd7475Ng8WZ
https://www.youtube.com/watch?v=QHiYcb_FOOg,Airegin - Play along - C bass version,https://youtube.com/playlist?list=PLwASK72qOY0gKC-CuZw-BqupeoW9f6JnA&si=BqFhtYd7475Ng8WZ
https://www.youtube.com/watch?v=02Ij0Do6IAE,All Blues - Play along - C bass version,https://youtube.com/playlist?list=PLwASK72qOY0gKC-CuZw-BqupeoW9f6JnA&si=BqFhtYd7475Ng8WZ
https://www.youtube.com/watch?v=iknhPhUunmI,All in love is fair - Play along - C bass version,https://youtube.com/playlist?list=PLwASK72qOY0gKC-CuZw-BqupeoW9f6JnA&si=BqFhtYd7475Ng8WZ
https://www.youtube.com/watch?v=He8SHrrjS4o,All My Tomorrows - Play along - C bass version,https://youtube.com/playlist?list=PLwASK72qOY0gKC-CuZw-BqupeoW9f6JnA&si=BqFhtYd7475Ng8WZ
https://www.youtube.com/watch?v=T4G-pzjX7cQ,All of You - Play along - C bass version,https://youtube.com/playlist?list=PLwASK72qOY0gKC-CuZw-BqupeoW9f6JnA&si=BqFhtYd7475Ng8WZ
https://www.youtube.com/watch?v=hOORu9zxDFM,Ana Maria - Play along - C bass version,https://youtube.com/playlist?list=PLwASK72qOY0gKC-CuZw-BqupeoW9f6JnA&si=BqFhtYd7475Ng8WZ
https://www.youtube.com/watch?v=H-kMBy8ht7E,Anthropology - Play along - C bass version,https://youtube.com/playlist?list=PLwASK72qOY0gKC-CuZw-BqupeoW9f6JnA&si=BqFhtYd7475Ng8WZ
https://www.youtube.com/watch?v=nv_CvG49OzQ,April In Paris - Play along - C bass version,https://youtube.com/playlist?list=PLwASK72qOY0gKC-CuZw-BqupeoW9f6JnA&si=BqFhtYd7475Ng8WZ
https://www.youtube.com/watch?v=dzycXthM5Hc,April Joy - Play along - C bass version,https://youtube.com/playlist?list=PLwASK72qOY0gKC-CuZw-BqupeoW9f6JnA&si=BqFhtYd7475Ng8WZ
https://www.youtube.com/watch?v=7eqNDCOJ9CM,Autumn Leaves D minor version - Play along - C bass version,https://youtube.com/playlist?list=PLwASK72qOY0gKC-CuZw-BqupeoW9f6JnA&si=BqFhtYd7475Ng8WZ
https://www.youtube.com/watch?v=fLZbfoxmscw,As Time Goes By - Play along - C bass version,https://youtube.com/playlist?list=PLwASK72qOY0gKC-CuZw-BqupeoW9f6JnA&si=BqFhtYd7475Ng8WZ
https://www.youtube.com/watch?v=1vay5Lqgksk,Au Privave  - Play along - C bass version,https://youtube.com/playlist?list=PLwASK72qOY0gKC-CuZw-BqupeoW9f6JnA&si=BqFhtYd7475Ng8WZ
https://www.youtube.com/watch?v=TOy-rSTU8XU,Arise Her Eyes - Play along - C bass version,https://youtube.com/playlist?list=PLwASK72qOY0gKC-CuZw-BqupeoW9f6JnA&si=BqFhtYd7475Ng8WZ
https://www.youtube.com/watch?v=PU6HvpzymVc,Autumn Leaves E minor version - Play along - C bass version,https://youtube.com/playlist?list=PLwASK72qOY0gKC-CuZw-BqupeoW9f6JnA&si=BqFhtYd7475Ng8WZ
https://www.youtube.com/watch?v=50kh5ucR4zo,Autumn In New York - Play along - C bass version,https://youtube.com/playlist?list=PLwASK72qOY0gKC-CuZw-BqupeoW9f6JnA&si=BqFhtYd7475Ng8WZ
https://www.youtube.com/watch?v=54dNlGsHfZI,Billie's Bounce - Play along - C bass instruments,https://youtube.com/playlist?list=PLwASK72qOY0gKC-CuZw-BqupeoW9f6JnA&si=BqFhtYd7475Ng8WZ
https://www.youtube.com/watch?v=TuMkxPGXe9Q,Confirmation - Play along - C bass instruments,https://youtube.com/playlist?list=PLwASK72qOY0gKC-CuZw-BqupeoW9f6JnA&si=BqFhtYd7475Ng8WZ
https://www.youtube.com/watch?v=bYBvnhg7hiY,Dewey Square - Play along - C bass instruments,https://youtube.com/playlist?list=PLwASK72qOY0gKC-CuZw-BqupeoW9f6JnA&si=BqFhtYd7475Ng8WZ
https://www.youtube.com/watch?v=b14SHxMgx5k,Beautiful love - Play along - C bass instruments,https://youtube.com/playlist?list=PLwASK72qOY0gKC-CuZw-BqupeoW9f6JnA&si=BqFhtYd7475Ng8WZ
https://www.youtube.com/watch?v=tGSEQGvb9Ww,Donna Lee - Play along - C bass instruments,https://youtube.com/playlist?list=PLwASK72qOY0gKC-CuZw-BqupeoW9f6JnA&si=BqFhtYd7475Ng8WZ
https://www.youtube.com/watch?v=lHoB4WmlLW8,My little suede shoes - Play along - C bass instruments,https://youtube.com/playlist?list=PLwASK72qOY0gKC-CuZw-BqupeoW9f6JnA&si=BqFhtYd7475Ng8WZ
https://www.youtube.com/watch?v=SpU0fG2SmZ8,Now's The Time - Play along - C bass instruments,https://youtube.com/playlist?list=PLwASK72qOY0gKC-CuZw-BqupeoW9f6JnA&si=BqFhtYd7475Ng8WZ
https://www.youtube.com/watch?v=6NzwdLc6VE4,Ornithology - Play along - C bass instruments,https://youtube.com/playlist?list=PLwASK72qOY0gKC-CuZw-BqupeoW9f6JnA&si=BqFhtYd7475Ng8WZ
https://www.youtube.com/watch?v=yA-jDlsnrr8,Scrapple From The Apple - Play along - C bass instruments,https://youtube.com/playlist?list=PLwASK72qOY0gKC-CuZw-BqupeoW9f6JnA&si=BqFhtYd7475Ng8WZ
https://www.youtube.com/watch?v=qyf0f1yM6II,Thirving from a riff (Anthropology) - Play Along - C bass instruments,https://youtube.com/playlist?list=PLwASK72qOY0gKC-CuZw-BqupeoW9f6JnA&si=BqFhtYd7475Ng8WZ
https://www.youtube.com/watch?v=j4RpI1acLho,Yardbird Suite - Play along - C bass instruments,https://youtube.com/playlist?list=PLwASK72qOY0gKC-CuZw-BqupeoW9f6JnA&si=BqFhtYd7475Ng8WZ
https://www.youtube.com/watch?v=6yzv1kfawB0,Perdido - Play along - C bass instruments,https://youtube.com/playlist?list=PLwASK72qOY0gKC-CuZw-BqupeoW9f6JnA&si=BqFhtYd7475Ng8WZ
https://www.youtube.com/watch?v=XD9CrhUaXAw,Nardis - Play along - C bass instruments,https://youtube.com/playlist?list=PLwASK72qOY0gKC-CuZw-BqupeoW9f6JnA&si=BqFhtYd7475Ng8WZ
https://www.youtube.com/watch?v=pk_Jf4OV2cU,Milestones - Play along - C bass instruments,https://youtube.com/playlist?list=PLwASK72qOY0gKC-CuZw-BqupeoW9f6JnA&si=BqFhtYd7475Ng8WZ
https://www.youtube.com/watch?v=J86icZv6RaQ,In a sentimental mood - Play along - C bass instruments,https://youtube.com/playlist?list=PLwASK72qOY0gKC-CuZw-BqupeoW9f6JnA&si=BqFhtYd7475Ng8WZ
https://www.youtube.com/watch?v=UdREAu9im5I,I'm just a lucky so and so - Play along - C bass instruments,https://youtube.com/playlist?list=PLwASK72qOY0gKC-CuZw-BqupeoW9f6JnA&si=BqFhtYd7475Ng8WZ
https://www.youtube.com/watch?v=uMbt1wLQaTw,I'm beginning to see the light - Play along - C bass instruments,https://youtube.com/playlist?list=PLwASK72qOY0gKC-CuZw-BqupeoW9f6JnA&si=BqFhtYd7475Ng8WZ
https://www.youtube.com/watch?v=HWqpel1x-Os,Blue In Green - Play along - C bass instruments,https://youtube.com/playlist?list=PLwASK72qOY0gKC-CuZw-BqupeoW9f6JnA&si=BqFhtYd7475Ng8WZ
https://www.youtube.com/watch?v=0bglPlzgO0I,Caravan - Play along - C bass instruments,https://youtube.com/playlist?list=PLwASK72qOY0gKC-CuZw-BqupeoW9f6JnA&si=BqFhtYd7475Ng8WZ
https://www.youtube.com/watch?v=AatcHJNnR_Y,Do Nothin' Till You Hear From Me - Play along - C bass instruments,https://youtube.com/playlist?list=PLwASK72qOY0gKC-CuZw-BqupeoW9f6JnA&si=BqFhtYd7475Ng8WZ
https://www.youtube.com/watch?v=IvhedWOXDLU,Four - Play along - C bass instruments,https://youtube.com/playlist?list=PLwASK72qOY0gKC-CuZw-BqupeoW9f6JnA&si=BqFhtYd7475Ng8WZ
https://www.youtube.com/watch?v=qun3_l7AvNU,Half Nelson - Play along - C bass instruments,https://youtube.com/playlist?list=PLwASK72qOY0gKC-CuZw-BqupeoW9f6JnA&si=BqFhtYd7475Ng8WZ
https://www.youtube.com/watch?v=DxsFRTjk000,Tune up - Play along - C bass instruments,https://youtube.com/playlist?list=PLwASK72qOY0gKC-CuZw-BqupeoW9f6JnA&si=BqFhtYd7475Ng8WZ
https://www.youtube.com/watch?v=wamqVGzn4AI,"Take the ""A"" train - Play along - C bass instruments",https://youtube.com/playlist?list=PLwASK72qOY0gKC-CuZw-BqupeoW9f6JnA&si=BqFhtYd7475Ng8WZ
https://www.youtube.com/watch?v=JbJlUQjdX1s,Sophisticated lady - Play along - C bass instruments,https://youtube.com/playlist?list=PLwASK72qOY0gKC-CuZw-BqupeoW9f6JnA&si=BqFhtYd7475Ng8WZ
https://www.youtube.com/watch?v=Wp-vOQ0Kuws,Solar - Play along - C bass instruments,https://youtube.com/playlist?list=PLwASK72qOY0gKC-CuZw-BqupeoW9f6JnA&si=BqFhtYd7475Ng8WZ
https://www.youtube.com/watch?v=YtgYnlzstqs,Seven steps to heaven - Play along - C bass instruments,https://youtube.com/playlist?list=PLwASK72qOY0gKC-CuZw-BqupeoW9f6JnA&si=BqFhtYd7475Ng8WZ
https://www.youtube.com/watch?v=OWHmc_MbbgA,Satin doll - Play along - C bass instruments,https://youtube.com/playlist?list=PLwASK72qOY0gKC-CuZw-BqupeoW9f6JnA&si=BqFhtYd7475Ng8WZ
https://www.youtube.com/watch?v=dzeU2DUZ3l4,Prelude to a kiss - Play along - C bass instruments,https://youtube.com/playlist?list=PLwASK72qOY0gKC-CuZw-BqupeoW9f6JnA&si=BqFhtYd7475Ng8WZ
https://www.youtube.com/watch?v=8Mq-c9uG3Ws,Feels so good - Play along - C bass instruments,https://youtube.com/playlist?list=PLwASK72qOY0gKC-CuZw-BqupeoW9f6JnA&si=BqFhtYd7475Ng8WZ
https://www.youtube.com/watch?v=H9ChG41JWLQ,Birk's works - Play along - C bass instruments,https://youtube.com/playlist?list=PLwASK72qOY0gKC-CuZw-BqupeoW9f6JnA&si=BqFhtYd7475Ng8WZ
https://www.youtube.com/watch?v=cctVu0Ha5cY,Blues for alice - Play along - C bass instruments,https://youtube.com/playlist?list=PLwASK72qOY0gKC-CuZw-BqupeoW9f6JnA&si=BqFhtYd7475Ng8WZ
https://www.youtube.com/watch?v=jXqip24WY8o,Blues in the closet - Play along - C bass instrument,https://youtube.com/playlist?list=PLwASK72qOY0gKC-CuZw-BqupeoW9f6JnA&si=BqFhtYd7475Ng8WZ
https://www.youtube.com/watch?v=t5z6puylK8Y,C Jam blues - Play along - C bass instruments,https://youtube.com/playlist?list=PLwASK72qOY0gKC-CuZw-BqupeoW9f6JnA&si=BqFhtYd7475Ng8WZ
https://www.youtube.com/watch?v=loHU3HAY_WA,Freddie freeloader - Play along - C bass instruments,https://youtube.com/playlist?list=PLwASK72qOY0gKC-CuZw-BqupeoW9f6JnA&si=BqFhtYd7475Ng8WZ
https://www.youtube.com/watch?v=mH2O1iMPyKo,Mr.  P.C. -  Play along - C bass instruments,https://youtube.com/playlist?list=PLwASK72qOY0gKC-CuZw-BqupeoW9f6JnA&si=BqFhtYd7475Ng8WZ
https://www.youtube.com/watch?v=wyb_1p6RbpA,Tenor madness - Play along - C bass instrument,https://youtube.com/playlist?list=PLwASK72qOY0gKC-CuZw-BqupeoW9f6JnA&si=BqFhtYd7475Ng8WZ
https://www.youtube.com/watch?v=o-o_TdSxBYU,Things ain't what they used to be - Play along - C bass instruments,https://youtube.com/playlist?list=PLwASK72qOY0gKC-CuZw-BqupeoW9f6JnA&si=BqFhtYd7475Ng8WZ
https://www.youtube.com/watch?v=sKqpf0qFDBA,The Nearness of You - Play along - C bass Instruments,https://youtube.com/playlist?list=PLwASK72qOY0gKC-CuZw-BqupeoW9f6JnA&si=BqFhtYd7475Ng8WZ
https://www.youtube.com/watch?v=NpzevNrrHbY,My Romance - Play along - C bass Instruments,https://youtube.com/playlist?list=PLwASK72qOY0gKC-CuZw-BqupeoW9f6JnA&si=BqFhtYd7475Ng8WZ
https://www.youtube.com/watch?v=zbznHxM3134,My One And Only Love - Play along - C bass Instruments,https://youtube.com/playlist?list=PLwASK72qOY0gKC-CuZw-BqupeoW9f6JnA&si=BqFhtYd7475Ng8WZ
https://www.youtube.com/watch?v=J9E9dcR54Gw,My Funny Valentine - Play along - C bass Instruments,https://youtube.com/playlist?list=PLwASK72qOY0gKC-CuZw-BqupeoW9f6JnA&si=BqFhtYd7475Ng8WZ
https://www.youtube.com/watch?v=siWoEBPRAn4,My Foolish Heart - Play along - C bass Instruments,https://youtube.com/playlist?list=PLwASK72qOY0gKC-CuZw-BqupeoW9f6JnA&si=BqFhtYd7475Ng8WZ
https://www.youtube.com/watch?v=KWIY-idjO0M,Misty - Play along - C bass Instruments,https://youtube.com/playlist?list=PLwASK72qOY0gKC-CuZw-BqupeoW9f6JnA&si=BqFhtYd7475Ng8WZ
https://www.youtube.com/watch?v=GJ168UiJV5k,Here is That Rainy Day - Play along - C bass Instruments,https://youtube.com/playlist?list=PLwASK72qOY0gKC-CuZw-BqupeoW9f6JnA&si=BqFhtYd7475Ng8WZ
https://www.youtube.com/watch?v=3rdrs6VDaMI,But Beautiful - Play along - C bass Instruments,https://youtube.com/playlist?list=PLwASK72qOY0gKC-CuZw-BqupeoW9f6JnA&si=BqFhtYd7475Ng8WZ
https://www.youtube.com/watch?v=c8oNiuXImQA,Body and Soul - Play along - C bass Instruments,https://youtube.com/playlist?list=PLwASK72qOY0gKC-CuZw-BqupeoW9f6JnA&si=BqFhtYd7475Ng8WZ
https://www.youtube.com/watch?v=L843XLTh3dU,Angel eyes - Play along - C version,https://youtube.com/playlist?list=PLwASK72qOY0jzcQHvT9NcNh3LAHHXgic3&si=9OH4HKbBJicOrY9l
https://www.youtube.com/watch?v=8W_m4xPk-HI,Alone together - Play along - C version,https://youtube.com/playlist?list=PLwASK72qOY0jzcQHvT9NcNh3LAHHXgic3&si=9OH4HKbBJicOrY9l
https://www.youtube.com/watch?v=uiYZYE7XLJ8,All the things you are - Play along - C version,https://youtube.com/playlist?list=PLwASK72qOY0jzcQHvT9NcNh3LAHHXgic3&si=9OH4HKbBJicOrY9l
https://www.youtube.com/watch?v=ZgaPd0HSAmk,All of me - Play along - C version,https://youtube.com/playlist?list=PLwASK72qOY0jzcQHvT9NcNh3LAHHXgic3&si=9OH4HKbBJicOrY9l
https://www.youtube.com/watch?v=60oKxToGc0M,Alice in wonderland - Play along - C version,https://youtube.com/playlist?list=PLwASK72qOY0jzcQHvT9NcNh3LAHHXgic3&si=9OH4HKbBJicOrY9l
https://www.youtube.com/watch?v=KQpWpcikfYc,Afternoon in paris - Play along - C version,https://youtube.com/playlist?list=PLwASK72qOY0jzcQHvT9NcNh3LAHHXgic3&si=9OH4HKbBJicOrY9l
https://www.youtube.com/watch?v=QNxQxa23X2U,A foggy day - Play along - C version,https://youtube.com/playlist?list=PLwASK72qOY0jzcQHvT9NcNh3LAHHXgic3&si=9OH4HKbBJicOrY9l
https://www.youtube.com/watch?v=tT_gR4IJzp0,A fine romance - Play along - C version,https://youtube.com/playlist?list=PLwASK72qOY0jzcQHvT9NcNh3LAHHXgic3&si=9OH4HKbBJicOrY9l
https://www.youtube.com/watch?v=6DKiYEPs0rs,500 miles high - Play along - C Instruments version,https://youtube.com/playlist?list=PLwASK72qOY0jzcQHvT9NcNh3LAHHXgic3&si=9OH4HKbBJicOrY9l
https://www.youtube.com/watch?v=9p3yJYpwrww,A child is born - Play along - C Version,https://youtube.com/playlist?list=PLwASK72qOY0jzcQHvT9NcNh3LAHHXgic3&si=9OH4HKbBJicOrY9l
https://www.youtube.com/watch?v=67otpu39Rc0,502 Blues - Play along - C version,https://youtube.com/playlist?list=PLwASK72qOY0jzcQHvT9NcNh3LAHHXgic3&si=9OH4HKbBJicOrY9l
https://www.youtube.com/watch?v=-V2_Qa1NlGQ,Blue Bossa C version - Play along,https://youtube.com/playlist?list=PLwASK72qOY0jzcQHvT9NcNh3LAHHXgic3&si=9OH4HKbBJicOrY9l
https://www.youtube.com/watch?v=aB-E9Npq49g,Afro Blue - Play along - C version,https://youtube.com/playlist?list=PLwASK72qOY0jzcQHvT9NcNh3LAHHXgic3&si=9OH4HKbBJicOrY9l
https://www.youtube.com/watch?v=i6k44kpECws,Airegin - Play along - C version,https://youtube.com/playlist?list=PLwASK72qOY0jzcQHvT9NcNh3LAHHXgic3&si=9OH4HKbBJicOrY9l
https://www.youtube.com/watch?v=nJbyHtcWoPs,All Blues - Play along - C version,https://youtube.com/playlist?list=PLwASK72qOY0jzcQHvT9NcNh3LAHHXgic3&si=9OH4HKbBJicOrY9l
https://www.youtube.com/watch?v=5W4huw2RP80,All in love is fair - Play along - C version,https://youtube.com/playlist?list=PLwASK72qOY0jzcQHvT9NcNh3LAHHXgic3&si=9OH4HKbBJicOrY9l
https://www.youtube.com/watch?v=NBevZXOfTGk,All My Tomorrows - Play along - C version,https://youtube.com/playlist?list=PLwASK72qOY0jzcQHvT9NcNh3LAHHXgic3&si=9OH4HKbBJicOrY9l
https://www.youtube.com/watch?v=uUNgOkYAepo,All of You - Play along - C version,https://youtube.com/playlist?list=PLwASK72qOY0jzcQHvT9NcNh3LAHHXgic3&si=9OH4HKbBJicOrY9l
https://www.youtube.com/watch?v=6iCR7FxLBmg,Ana Maria - Play along - C version,https://youtube.com/playlist?list=PLwASK72qOY0jzcQHvT9NcNh3LAHHXgic3&si=9OH4HKbBJicOrY9l
https://www.youtube.com/watch?v=DsIs28zPQAM,Anthropology - Play along - C version,https://youtube.com/playlist?list=PLwASK72qOY0jzcQHvT9NcNh3LAHHXgic3&si=9OH4HKbBJicOrY9l
https://www.youtube.com/watch?v=pR1vQwFBCsc,April In Paris - Play along - C version,https://youtube.com/playlist?list=PLwASK72qOY0jzcQHvT9NcNh3LAHHXgic3&si=9OH4HKbBJicOrY9l
https://www.youtube.com/watch?v=RZyZMk7zwGY,April Joy - Play along - C version,https://youtube.com/playlist?list=PLwASK72qOY0jzcQHvT9NcNh3LAHHXgic3&si=9OH4HKbBJicOrY9l
https://www.youtube.com/watch?v=mQRnIqqjLfQ,As Time Goes By - Play along - C version,https://youtube.com/playlist?list=PLwASK72qOY0jzcQHvT9NcNh3LAHHXgic3&si=9OH4HKbBJicOrY9l
https://www.youtube.com/watch?v=gaAhy-tGZlE,Autumn Leaves E minor version - Play along - C version,https://youtube.com/playlist?list=PLwASK72qOY0jzcQHvT9NcNh3LAHHXgic3&si=9OH4HKbBJicOrY9l
https://www.youtube.com/watch?v=CvdCQuklurU,Au Privave  - Play along - C version,https://youtube.com/playlist?list=PLwASK72qOY0jzcQHvT9NcNh3LAHHXgic3&si=9OH4HKbBJicOrY9l
https://www.youtube.com/watch?v=DmNr2jO_qwA,Autumn Leaves D minor version - Play along - C version,https://youtube.com/playlist?list=PLwASK72qOY0jzcQHvT9NcNh3LAHHXgic3&si=9OH4HKbBJicOrY9l
https://www.youtube.com/watch?v=nl78yzgFqPI,Arise Her Eyes - Play along - C version,https://youtube.com/playlist?list=PLwASK72qOY0jzcQHvT9NcNh3LAHHXgic3&si=9OH4HKbBJicOrY9l
https://www.youtube.com/watch?v=62DS9TmZH9o,Autumn In New York - Play along - C version,https://youtube.com/playlist?list=PLwASK72qOY0jzcQHvT9NcNh3LAHHXgic3&si=9OH4HKbBJicOrY9l
https://www.youtube.com/watch?v=fyyM7z0PW8A,Beautiful love - Play along - C instruments,https://youtube.com/playlist?list=PLwASK72qOY0jzcQHvT9NcNh3LAHHXgic3&si=9OH4HKbBJicOrY9l
https://www.youtube.com/watch?v=3MIciZ4rt8c,Confirmation - Play along - C instruments,https://youtube.com/playlist?list=PLwASK72qOY0jzcQHvT9NcNh3LAHHXgic3&si=9OH4HKbBJicOrY9l
https://www.youtube.com/watch?v=T3wUyg3sx8A,Dewey Square - Play along - C instruments,https://youtube.com/playlist?list=PLwASK72qOY0jzcQHvT9NcNh3LAHHXgic3&si=9OH4HKbBJicOrY9l
https://www.youtube.com/watch?v=fKA1QHqjiE4,Donna Lee -Play along - C instruments,https://youtube.com/playlist?list=PLwASK72qOY0jzcQHvT9NcNh3LAHHXgic3&si=9OH4HKbBJicOrY9l
https://www.youtube.com/watch?v=wJ-2F7wEYjI,My little suede shoes - Play along - C instruments,https://youtube.com/playlist?list=PLwASK72qOY0jzcQHvT9NcNh3LAHHXgic3&si=9OH4HKbBJicOrY9l
https://www.youtube.com/watch?v=-MA9Qvq8gsM,Now's The Time - Play along - C instruments,https://youtube.com/playlist?list=PLwASK72qOY0jzcQHvT9NcNh3LAHHXgic3&si=9OH4HKbBJicOrY9l
https://www.youtube.com/watch?v=YOMNtVLh5Sc,Ornithology - Play along - C instruments,https://youtube.com/playlist?list=PLwASK72qOY0jzcQHvT9NcNh3LAHHXgic3&si=9OH4HKbBJicOrY9l
https://www.youtube.com/watch?v=OZPYdMxoYfw,Scrapple From The Apple - Play along - C instruments,https://youtube.com/playlist?list=PLwASK72qOY0jzcQHvT9NcNh3LAHHXgic3&si=9OH4HKbBJicOrY9l
https://www.youtube.com/watch?v=VUPpFw3gFOw,Thirving from a riff (Anthropology) - Play Along - C instruments,https://youtube.com/playlist?list=PLwASK72qOY0jzcQHvT9NcNh3LAHHXgic3&si=9OH4HKbBJicOrY9l
https://www.youtube.com/watch?v=8ijGFCBiFPU,Yardbird Suite - Play along - C instruments,https://youtube.com/playlist?list=PLwASK72qOY0jzcQHvT9NcNh3LAHHXgic3&si=9OH4HKbBJicOrY9l
https://www.youtube.com/watch?v=hAmM9iYtKwQ,Perdido - Play along - C instruments,https://youtube.com/playlist?list=PLwASK72qOY0jzcQHvT9NcNh3LAHHXgic3&si=9OH4HKbBJicOrY9l
https://www.youtube.com/watch?v=Se3vfW8Ci0o,Nardis - Play along - C instruments,https://youtube.com/playlist?list=PLwASK72qOY0jzcQHvT9NcNh3LAHHXgic3&si=9OH4HKbBJicOrY9l
https://www.youtube.com/watch?v=l-4MklxH8ZA,Milestones - Play along - C instruments,https://youtube.com/playlist?list=PLwASK72qOY0jzcQHvT9NcNh3LAHHXgic3&si=9OH4HKbBJicOrY9l
https://www.youtube.com/watch?v=YA9VRrXCPBI,In a sentimental mood - Play along - C instruments,https://youtube.com/playlist?list=PLwASK72qOY0jzcQHvT9NcNh3LAHHXgic3&si=9OH4HKbBJicOrY9l
https://www.youtube.com/watch?v=clRQdVYrUGk,I'm just a lucky so and so - Play along - C instruments,https://youtube.com/playlist?list=PLwASK72qOY0jzcQHvT9NcNh3LAHHXgic3&si=9OH4HKbBJicOrY9l
https://www.youtube.com/watch?v=Dc_XzpcVa8A,I'm beginning to see the light - Play along - C instruments,https://youtube.com/playlist?list=PLwASK72qOY0jzcQHvT9NcNh3LAHHXgic3&si=9OH4HKbBJicOrY9l
https://www.youtube.com/watch?v=6PN5kAEPovU,Blue In Green - Play along - C instruments,https://youtube.com/playlist?list=PLwASK72qOY0jzcQHvT9NcNh3LAHHXgic3&si=9OH4HKbBJicOrY9l
https://www.youtube.com/watch?v=Qh3dhXhmDqI,Caravan - Play along - C instruments,https://youtube.com/playlist?list=PLwASK72qOY0jzcQHvT9NcNh3LAHHXgic3&si=9OH4HKbBJicOrY9l
https://www.youtube.com/watch?v=xkGC5WAw5Jc,Do Nothin' Till You Hear From Me - Play along - C instruments,https://youtube.com/playlist?list=PLwASK72qOY0jzcQHvT9NcNh3LAHHXgic3&si=9OH4HKbBJicOrY9l
https://www.youtube.com/watch?v=Uaq-tz6aoc0,Four - Play along - C instruments,https://youtube.com/playlist?list=PLwASK72qOY0jzcQHvT9NcNh3LAHHXgic3&si=9OH4HKbBJicOrY9l
https://www.youtube.com/watch?v=h1MbA7TaEuM,Half Nelson - Play along - C instruments,https://youtube.com/playlist?list=PLwASK72qOY0jzcQHvT9NcNh3LAHHXgic3&si=9OH4HKbBJicOrY9l
https://www.youtube.com/watch?v=k459ENs3_MA,Tune up - Play along - C instruments,https://youtube.com/playlist?list=PLwASK72qOY0jzcQHvT9NcNh3LAHHXgic3&si=9OH4HKbBJicOrY9l
https://www.youtube.com/watch?v=cCbefF8cFo8,"Take the ""A"" train - Play along - C instruments",https://youtube.com/playlist?list=PLwASK72qOY0jzcQHvT9NcNh3LAHHXgic3&si=9OH4HKbBJicOrY9l
https://www.youtube.com/watch?v=NJ4dzDiVbZk,Sophisticated lady - Play along - C instruments,https://youtube.com/playlist?list=PLwASK72qOY0jzcQHvT9NcNh3LAHHXgic3&si=9OH4HKbBJicOrY9l
https://www.youtube.com/watch?v=8UI6YYlN2t8,Solar - Play along - C instruments,https://youtube.com/playlist?list=PLwASK72qOY0jzcQHvT9NcNh3LAHHXgic3&si=9OH4HKbBJicOrY9l
https://www.youtube.com/watch?v=gOZG16pTiYw,Seven steps to heaven - Play along - C instruments,https://youtube.com/playlist?list=PLwASK72qOY0jzcQHvT9NcNh3LAHHXgic3&si=9OH4HKbBJicOrY9l
https://www.youtube.com/watch?v=m9hWw4BXH2s,Satin doll - Play along - C instruments,https://youtube.com/playlist?list=PLwASK72qOY0jzcQHvT9NcNh3LAHHXgic3&si=9OH4HKbBJicOrY9l
https://www.youtube.com/watch?v=iqxRYSMLDJQ,Prelude to a kiss - Play along - C instruments,https://youtube.com/playlist?list=PLwASK72qOY0jzcQHvT9NcNh3LAHHXgic3&si=9OH4HKbBJicOrY9l
https://www.youtube.com/watch?v=LI5tcR0d0ko,Feels so good - Play along - C instruments,https://youtube.com/playlist?list=PLwASK72qOY0jzcQHvT9NcNh3LAHHXgic3&si=9OH4HKbBJicOrY9l
https://www.youtube.com/watch?v=uNY038QyV8Y,Birk's works - Play along - C instruments,https://youtube.com/playlist?list=PLwASK72qOY0jzcQHvT9NcNh3LAHHXgic3&si=9OH4HKbBJicOrY9l
https://www.youtube.com/watch?v=6d9ipKeSIpY,Blues for alice - Play along - C instruments,https://youtube.com/playlist?list=PLwASK72qOY0jzcQHvT9NcNh3LAHHXgic3&si=9OH4HKbBJicOrY9l
https://www.youtube.com/watch?v=bdypm4QYK2U,Blues in the closet - Play along - C instruments,https://youtube.com/playlist?list=PLwASK72qOY0jzcQHvT9NcNh3LAHHXgic3&si=9OH4HKbBJicOrY9l
https://www.youtube.com/watch?v=9qxadDdyst8,C Jam blues - Play along - C instruments,https://youtube.com/playlist?list=PLwASK72qOY0jzcQHvT9NcNh3LAHHXgic3&si=9OH4HKbBJicOrY9l
https://www.youtube.com/watch?v=mKrRPZtU-Kc,Freddie freeloader - Play along - C instruments,https://youtube.com/playlist?list=PLwASK72qOY0jzcQHvT9NcNh3LAHHXgic3&si=9OH4HKbBJicOrY9l
https://www.youtube.com/watch?v=3O8UqdS4P2o,Mr.  P.C. - Play along - C instruments,https://youtube.com/playlist?list=PLwASK72qOY0jzcQHvT9NcNh3LAHHXgic3&si=9OH4HKbBJicOrY9l
https://www.youtube.com/watch?v=zaKTyH5hCLU,Tenor madness - Play along - C instruments,https://youtube.com/playlist?list=PLwASK72qOY0jzcQHvT9NcNh3LAHHXgic3&si=9OH4HKbBJicOrY9l
https://www.youtube.com/watch?v=Y6hfBLw50Hk,Things ain't what they used to be - Play along - C instruments,https://youtube.com/playlist?list=PLwASK72qOY0jzcQHvT9NcNh3LAHHXgic3&si=9OH4HKbBJicOrY9l
https://www.youtube.com/watch?v=iiT1O06W-LA,The Nearness of You - Play along - C Instruments,https://youtube.com/playlist?list=PLwASK72qOY0jzcQHvT9NcNh3LAHHXgic3&si=9OH4HKbBJicOrY9l
https://www.youtube.com/watch?v=z5bWTB2hB5o,My Romance - Play along - C Instruments,https://youtube.com/playlist?list=PLwASK72qOY0jzcQHvT9NcNh3LAHHXgic3&si=9OH4HKbBJicOrY9l
https://www.youtube.com/watch?v=263k7Rvn-l4,My One And Only Love - Play along - C Instruments,https://youtube.com/playlist?list=PLwASK72qOY0jzcQHvT9NcNh3LAHHXgic3&si=9OH4HKbBJicOrY9l
https://www.youtube.com/watch?v=tanv5BFHbdE,My Funny Valentine - Play along - C Instruments,https://youtube.com/playlist?list=PLwASK72qOY0jzcQHvT9NcNh3LAHHXgic3&si=9OH4HKbBJicOrY9l
https://www.youtube.com/watch?v=_ILeB2OpTjY,My Foolish Heart - Play along - C Instruments,https://youtube.com/playlist?list=PLwASK72qOY0jzcQHvT9NcNh3LAHHXgic3&si=9OH4HKbBJicOrY9l
https://www.youtube.com/watch?v=vDXokbhiAIA,Misty - Play along - C Instruments,https://youtube.com/playlist?list=PLwASK72qOY0jzcQHvT9NcNh3LAHHXgic3&si=9OH4HKbBJicOrY9l
https://www.youtube.com/watch?v=haWV-kPnths,Here is That Rainy Day - Play along - C Instruments,https://youtube.com/playlist?list=PLwASK72qOY0jzcQHvT9NcNh3LAHHXgic3&si=9OH4HKbBJicOrY9l
https://www.youtube.com/watch?v=oMqo_3sQJxg,But Beautiful - Play along - C Instruments,https://youtube.com/playlist?list=PLwASK72qOY0jzcQHvT9NcNh3LAHHXgic3&si=9OH4HKbBJicOrY9l
https://www.youtube.com/watch?v=MAbidrretTY,Body and Soul - Play along - C Instruments,https://youtube.com/playlist?list=PLwASK72qOY0jzcQHvT9NcNh3LAHHXgic3&si=9OH4HKbBJicOrY9l
