Titulo,Autor,Ano
А снег идёт,Андрей Эшпай / Евгений Евтушенко,1961
Бомбардировщики,Jimmy McHugh / Т. Сикорская / С. Болотин,1943
Вальс расставания,Я.Френкель / К.Ваншенкин,1965
Весна идёт,И. Дунаевский / М. Вольпин,1947
Все стало вокруг голубым и зелёным,Юрий Милютин / Евг. Долматовский,1941
В парке Чаир,К. Листов / П. Арский,1938
"Где же вы теперь, друзья однополчане",А. Фатьянов / В. Соловьёв-Седой,1947
Главное ребята сердцем не стареть,А. Пахмутова / С. Гребенников / Н. Добронравов,1962
"Гори, гори, моя звезда",Пётр Булахов / Владимир Чуевский,1846
Да разве сердце позабудет,Александра Пахмутова / Николай Добронравов,1984
Джон Грей,Матвей Блантер,
Дорогие мои москвичи,И. Дунаевский / В. Масс / М. Червинский,1947
Журавли,Я.Френкель / Р.Гамзатов / Н.Гребнев,1965
Закон Архимеда наоборот,В. Людвиковский / А. Олицкий,
Зима,,
Колыбельная,И. Дунаевский,1936
Ландыши,О. Фельцман / О. Фадеева (Кляйнер),1958
Луна,А. Варламов / R. Rodgers,1938
Любимый город,,
Люблю / Вдыхая розы аромат,Ефим Розенфельд / Николай Венгерский,1939
Мишка с куклой,Мария Качурбина,
Нам нужна одна победа,,
Песенка о медведях,А. Зацепин,1967
Песня о Москве (Лучший город земли),А. Бабаджанян / Л. Дербенёв,1964
Пой мне,А. Варламов,1938
Портрет,Г. Гольд / М.Орцеви,
Радостный день,А. Цфасман,1948
Романс,А. Цфасман,
Сердце / Как много девушек хороших,Василий Лебедев-Кумач / Исаак Дунаевский,1934
Серенада Трубадура «Луч солнца золотого…»,Геннадий Гладков / Юрий Энтин,1973
Старый рояль,Марк Минков/ Дмитрий Иванов,1983
Уходит вечер,А. Варламов / Н. Коваль,1938
Цветущий Май,А. Полонский,1939
Шаланды,Никита Богословский / Владимир Агатов,1943
Эти глаза напротив,Д. Тухманов / Т. Сашко,1970
Я шагаю по Москве,Андрей Петров / Геннадий Шпаликов,
12th Street Rag,Euday L. Bowman,1914
26 – 2,John Coltrane,1960
42nd Street,Harry Warren / Al Dublin,1933
500 Miles High,Chick Corea / Neville Potter,1972
502 Blues,Jimmy Rowles,1958
52nd Street Theme,Th. Monk,1944
9:20 Special,Earle Warren / Jack Palmer / William Engvick,1941
"Beautiful Friendship, A",,
A Bientot,Billy Taylor,1988
A Chicken Ain’t Nothing But A Bird,L. Jordan,1940
A Felicidade,Antônio Carlos Jobim / Vinícius de Moraes,1958
A Fine Romance,Jerome Kern / Dorothy Fields,1936
A Foggy Day,George Gershwin / Ira Gershwin,1937
A Lot of Livin’ to Do,,
A Night in Tunisia,Dizzy Gillespie,1942
A Smooth One,Benny Goodman,1941
A Song for Nicholas,,
A Sound For Sore Ears,Jimmy Heath,1969
A String of Pearls,Jerry Gray / Eddie DeLange,1941
A Sunbonnet Blue,Sammy Fain / Irviung Kahal,1937
A Time For Love,Johnny Mande / Paul Francis Webster,1966
"A-Tisket, A-Tasket",Ella Fitzgerald / Al Feldman,1938
About A Quarter To Nine,Harry Warren / Al Dubin,1935
Ac-Cent-Tchu-Ate The Positive,Harold Arlen / Johnny Mercer,1944
Ac-Dc Current,Benny Goodman / Lionel Hampton / Charlie Christian,1937
Ace in the Hole,Cole Porter,1941
Across The Alley From The Alamo,Joe Greene,1946
Adagio,Tomaso Albinoni,
Adam`s Apple,Wayne Shorter,1966
Africa,John Coltrane,1961
African Queen,Horace Silver,1966
Afro Blue,Mongo Santamaria,1959
Afro Centric,,
After You`ve Gone,"Turner Layton, Henry Creamer",1918
Afternoon In Paris,John Lewis,1949
Água de Beber,,
Água de Beber,Antônio Carlos Jobim / Vinicius de Moraes,1963
Ah-Leu-Cha (duo),Charlie Parker,1948
Ah-Leu-Cha,Charlie Parker,1948
Ain`t Misbehavin,"Fats Waller, Harry Brooks, Andy Razaf",1929
Ain’t Nobody’s Bizness If I Do,Porter Grainger / Everett Robbins,1922
Ain`t She Sweet,Milton Ager/ Jack Yellen,1927
Airegin,Sonny Rollins,1954
Airmail Special,Benny Goodman / James Mundy / Charlie Christian,1941
Aisha,,
Alcoholic Blues,Albert Von Tilzer / Edward Laska,1919
Alexander`s Ragtime Band,Irving Berlin,1911
Alfie,Burt Bacharach / Hal David,1966
Alfie`s Theme,Sonny Rollins,1966
Alice In Wonderland,Sammy Fain,1951
All About Ronnie,Joe Greene,1950
All Blues,Miles Davis,1959
All God’s Chillun Got Rhythm,Walter Jurmann / Gus Kahn / Bronisław Kaper,1937
All My Tomorrows,Jimmy van Heusen / Sammy Cahn,1959
All Of Me,Gerald Marks / Seymour Simons,1931
All Of You,Cole Porter,1954
All Or Nothing At All,Arthur Altman / Jack Lawrence,1939
All The Things You Are,Jerome Kern / Oscar Hammerstein II,1939
All the Way,Jimmy Van Heusen / Sammy Cahn,1957
All Too Soon,Duke Ellington / Carl Sigman,1940
Almost like being in love,Frederick Loewe / Alan Jay Lerner,1947
Alone Together,Arthur Schwartz / Howard Dietz,1932
Along Came Betty,Benny Golson,1958
Always And Forever,Pat Metheny,1992
Always On My Mind,Wayne Carson / Mark JamesJohnny / Christopher,1972
Am I Blue,Harry Akst / Grant Clarke,1929
Amado Mio,Doris Fisher / Allan Roberts,1946
Amapola,Joseph Lacalle,1920
Amazing Grace,John Newton,1772
Among My Souvenirs,Horatio Nicholls / Edgar Leslie,1927
An Old Water Mill,Jack Scholl / Charles Tobias / Murray Mencher,1934
Ana Maria,,
And On The Third Day,,
Angel Eyes,Matt Dennis / Earl Brent,1946
Angelica (Purple Gazelle),Duke Elington,1965
"Answer Me, My Love",Gerhard Winkler / Carl Sigman,1952
Anthropology,Charlie Parker / Dizzy Gillespie,1949
Any Time,H. Lawson,1921
Anything Goes,Cole Porter,1934
Apple Core,Gerry Mulligan,1956
April In Paris,Vernon Duke / E.Y. Harburg,1932
Aquarela do Brasil,Ary Barroso / Bob Russell,1939
Are You Real,Benny Golson,1959
Armando’s Rhumba,Chick Corea,1976
As Long as I Live,Harold Arlen / Ted Koehler,1934
As Time Goes By,Herman Hupfeld,1931
At the Georgia Camp Meeting,Kerry Mills,1897
At The Jazz Band Ball,Nick LaRocca / Larry Shields,1917
Au Privave,Charlie Parker,1951
Autumn in NY,Vernon Duke,1934
Autumn Leaves,Joseph Kosma / Johnny Mercer,1945
Avalon,Al Jolson / Buddy DeSylva / Vincent Rose,1920
Baby What You Want Me To Do,Jimmy Reed,1959
"Baby, won`t you please come home",Charles Warfield / Clarence Williams,1919
Badinerie,Johann Sebastian Bach,
Barbados,Charlie Parker,1948
Basin Street Blues,Spencer Williams,1928
Beale Street Blues,W.C. Handy,1917
Beautiful Love,Wayne King / Victor Young / Egbert Van Alstyne / Haven Gillespie,1931
Bebop,Dizzy Gillespie / Stan Getz / Sonny Stitt,1958
Bei Mir Bist Du Shoen,Sholom Secunda / Sammy Cahn / Saul Chaplin,1932
Bernie’s Tune,Bernie Miller / Jerry Leiber / Mike Stoller,1952
Bésame Mucho,Consuelo Velázquez,1940
Between The Devil And The Deep Blue Sea,Harold Arlen / Ted Koehler,1931
Bewitched,Richard Rodgers / Lorenz Hart,1941
Beyond the Sea,Charles Trenet / Jack Lawrence / Albert Lasry,1946
Bidin’ My Time,George Gershwin / Ira Gershwin,1930
Bill Bailey,Hughie Cannon,1902
Billie`s bounce,Charlie Parker,1945
Bird Alone,Abbey Lincoln,1960
"Birth of the Blues, The",Ray Henderson / Buddy DeSylva / Lew Brown,1926
Bittersweet,Sam Jones,1975
Black and Blue,Fats Waller / Harry Brooks / Andy Razaf,1929
Black Orpheus,Luiz Bonfá / Carl Sigman,1959
Blame It on My Youth,Oscar Levant / Edward Heyman,1934
Bloomdido,Charlie Parker,1950
Blue and Sentimental,Count Basie / Jerry Livingston / Mack David,1938
Blue Bossa,Kenny Dorham,1963
Blue Drug,J.Myrow,1932
Blue Monk,Thelonious Monk,1954
Blue Moon,Richard Rodgers / Lorenz Hart,1934
Blue Room,Richard Rodgers / Lorenz Hart,1926
Blue Skies,Iving Berlin,1926
Blueberry Hill,Vincent Rose / John L. Rooney,1940
Blues For Dixie,,
Blues March,Benny Golson,1958
Blues My Naughty Sweetie Gives To Me,Charles McCarron / Carey Morgan / Arthur Swanstone,1919
Bluesette,Toots Thielemans / Norman Gimbel,1961
Bluff,Lelio Luttazzi,1976
Body and Soul,Johnny Green / Edward Heyman / Robert Sour / Frank Eyton,1930
Bohemia After Dark,Oscar Pettiford,1955
Bop-Be,Keith Jarrett,1978
Bourbone Street Parade,Paul Barbarin,1949
Brain Cloudy Blues,Merle Haggard,1965
Brazil (Aquarela do Brasil),Ary Barroso / Bob Russell,1939
"Brigas, Nunca Mais",Antônio Carlos Jobim,1959
Buddy Bolden Blues,Jelly Roll Morton,1927
But Beautiful,Johnny Burke / Jimmy Van Heusen,1947
But Not For Me,George Gershwin / Ira Gershwin,1930
By a Waterfall,Sammy Fain / Irving Kahal,1933
Bye Bye Blackbird,Ray Henderson / Mort Dixon,1926
Bye Bye Blues,Fred Hamm / Dave Bennett / Bert Lown / Chauncey Gray,1925
C Jam Blues,Duke Ellington,1942
Cabaret,John Kander / Fred Ebb,1966
Call Me Irresponsible,Jimmy Van Heusen / Sammy Cahn,1962
Can Can,,
Candy,Alex Kramer / Mack David /Joan Whitney,1944
Caravan,Juan Tizol / Duke Ellington / Irving Mills,1936
Careless Love,traditional / W. C. Handy “Loveless Love”,1921
Centerpiece,,
Ceora,Lee Morgan,1965
C`est Si Bon,Henri Betti / Jerry Seelen,1947
Chameleon,Herbie Hancock / Paul Jackson / Harvey Mason / Bennie Maupin,1973
Chattanooga Choo-Choo,Harry Warren / Mack Gordon,1941
Cheek To Cheek,Irving Berlin,1934
Chelsea Bridge,Billy Strayhorn,1941
Cherokee,Ray Noble,1938
Cherry,Don Redman / Ray Gilbert,1928
Cheryl,Charlie Parker,1947
Chi Chi,Charlie Parker,1955
Chicago,Fred Fisher,1922
Child Is Born,Thad Jones,1969
China Boy,Phil Boutelje / Dick Winfree,1922
"Chinatown, My Chinatown",Jean Schwartz / William Jerome,1906
Choo Choo Ch’Boogie,V. Horten / D. Darling / M. Gabler,1945
Chovendo Na Roseira,Antônio Carlos Jobim,1980
Christopher Columbus,C. Berry / A. Razaf,1936
Clarinet Marmalade,Larry Shields / Henry Ragas,1918
Close Enough for Love,Johnny Mandel / Paul Williams,1979
Close To You (They Long To Be),Burt Bacharach / Hal David,1970
Close Your Eyes,Bernice Petkere,1933
Come Fly with Me,Jimmy Van Heusen / Sammy Cahn,1958
Come Rain or Come Shine,Johnny Mercer / Harold Arlen,1946
Come Sunday,Duke Ellington,1943
Comin` In On a Wing and a Prayer,Jimmy McHugh / Harold Adamson,1943
Con Alma,Dizzy Gillespie,1954
Confirmation,Charlie Parker,1945
Cool Blues,Charlie Parker,1949
Corcovado,Antônio Carlos Jobim,1960
"Corinne, Corinna",,
Countdown,John Coltrane,1959
Cow-Cow Boogie,Don Raye / Benny Carter / Gene De Paul,1942
Crazeology,Bennie Harris,1944
Crazy Rhythm,Irving Caesar / Joseph Meyer / Roger Wolfe Kahn,1928
Cry Me a River,Arthur Hamilton,1953
Daahoud,Clifford Brown,1973
Dardanella,Fred Fisher / Felix Bernard / Johnny S. Black,1919
Darkness On The Delta,J. Livingston,1932
Darktown Strutters Ball,Shelton Brooks,1917
Darn That Dream,Jimmy Van Heusen / Eddie DeLange,1939
Dat Mistige Rooie Beest,,
De Lachende Dwerg,,
Deed I Do,Fred Rose / Walter Hirsch,1926
Deep Purple,Peter De Rose / Mitchell Parish,1933
Del Sasser,Sam Jones,1960
Der Pariser Tango,Christian Bruhn,1971
Desafinado,Antônio Carlos Jobim,1959
Detour Ahead,Herb Ellis / Johnny Frigo / Lou Carter,1948
Dig-a-dig-a-doo,Jimmy McHugh / Dorothy Fields,1928
Dinah,Ethel Waters,1925
Dindi,Antônio Carlos Jobim / Aloysio de Oliveira,1959
Do Nothing till You Hear from Me,Duke Ellington / Bob Russell,1940
Do You Know What It Means To Miss New Orleans,Eddie DeLange / Louis Alter,1947
Doctor Jazz,Joe “King” Oliver,1926
Dolphin Dance,Herbie Hancock,1965
Domino,Louis Ferrari / Jacques Plante / Don Raye,1950
Donna Lee,Charlie Parker / Miles Davis,1947
Don`t Be That Way,Benny Goodman / Edgar Sampson,1938
Don’t Blame Me,Jimmy McHugh / Dorothy Fields,1933
Don’t Fence Me In,Cole Porter / Robert Fletcher,1934
Don’t Get Around Much Anymore,Duke Ellington / Bob Russell,1940
Don’t Know Why,Jesse Harris,1999
Don’t Let The Sun Catch You Cryin’,Joe Greene,1966
"Don’t Worry, Be Happy",Bobby McFerrin,1988
Down By The Riverside,,
Doxy,Sonny Rollins,1954
Dream a Little Dream of Me,Fabian Andre /Wilbur Schwandt / Gus Kahn,1931
Dream Dancing,Cole Porter,1941
Drop Me Off in Harlem,Duke Ellington / Nick Kenny,1933
E.S.P.,Wayne Shorter,1964
Early Autumn,Ralph Burns / Woody Herman / Johnny Mercer,1949
Ease Away Walk,Benny Golson,1983
East of the Sun,Brooks Bowman,1934
Easy Living,Ralph Rainger / Leo Robin,1937
Ebb Tide,Carl Sigman / Robert Maxwell,1953
Eine Kleine Nachtmusik,Wolfgang Amadeus Mozart,
Elizete,,
Elmer’s Tune,Elmer Albrecht / Dick Jurgens / Sammy Gallop,1941
Embraceable You,,
Emily,Johnny Mandel / Johnny Mercer,1964
Emmanuelle,Pierre Bachelet,1974
Epistrophy,Thelonious Monk / Kenny Clarke,1941
Estate,Bruno Martino / Bruno Brighetti,1960
Et si tu n’existais pas,Pierre Delanoë / Claude Lemesle / Vito Pallavicini / Toto Cutugno / Pasquale Losito,1975
Europa (Earth’s Cry Heaven’s Smile),Carlos Santana / Tom Coster,1976
Every Day I Have The Blues,Aaron “Pinetop” Sparks / Milton Sparks,1935
Everybody Loves My Baby,Spencer Williams / Jack Palmer,1924
Everybody’s Song But My Own,Kenny Wheeler / Norma Winstone,1988
Everything But You,Duke Ellington,1945
Everything Happens to Me,Matt Dennis / Tom Adair,1940
Ev’ry Time We Say Goodbye,Cole Porter,1944
Ev’rything I Love,Cole Porter,1941
Exactly Like You,Jimmy McHugh / Dorothy Fields,1930
Faithful Hussar,,
Fascinating Rhythm,George Gershwin / Ira Gershwin,1924
Fee-Fi-Fo-Fum,Wayne Shorter,1966
Feeling Good,Anthony Newley / Leslie Bricusse,1964
Feelings,Morris Albert / Louis Gaste,1974
Five Brothers,,
Фиксики,,
Flamingo,Ted Grouya / Edmund Anderson,1940
Flat Foot Floogie (with a Floy Floy),Slim Gaillard / Slam Stewart / Bud Green,1938
Fly Me To The Moon,Bart Howard,1954
My Foolish Heart,,
Fools Rush In,Johnny Mercer / Rube Bloom,1940
Footprints,Wayne Shorter,1966
For All We Know,J. Fred Coots / Sam M. Lewis,1934
For Heaven’s Sake,Elise Bretton / Sherman Edwards / Donald Meyer,1948
Forest Flower,Charles Lloyd,1967
Four Brothers,Jimmy Giuffre,1947
Four,Miles Davis,1954
Freddie Freeloader,Miles Davis,1959
Freight Trane,Tommy Flanagan,1958
Frim-Fram Sauce,Redd Evans / Joe Ricardel,1945
Гадалка,,
"Gee Baby, Ain`t I Good To You",Don Redman / Andy Razaf,1929
Georgia On My Mind (traditional),Hoagy Carmichael / Stuart Gorrell,1930
Georgia On My Mind,Hoagy Carmichael / Stuart Gorrell,1930
Get Out of Town,Cole Porter,1938
Getting Some Fun Out Of Life,E. Leslie / J. Burke,1937
Giant Steps,John Coltrane,1960
Give Me The Simple Life,Rube Bloom / Harry Ruby,1945
Go Down Moses,,
God Bless the Child,Billie Holiday / Arthur Herzog Jr.,1939
Golden Earrings,Victor Young / Jay Livingston / Ray Evans,1947
Gone with the Wind,Allie Wrubel / Herb Magidson,1937
Good Bait,Tadd Dameron / Count Basie,1944
Good Morning Heartache,Irene Higginbotham / Ervin Drake / Dan Fisher,1946
Goodbye,Gordon Jenkins,1935
Goody Goody,Matty Malneck / Johnny Mercer,1936
Goofus,Wayne King / William Harold / Gus Kahn,1930
Gotta Get Some Sleep,Dewey Redman / Keith Jarrett,1978
Groove Juice Special,Slim Gaillard,1940
Groovin’ High,Dizzy Gillespie,1945
Hackensack,Thelonious Monk,1963
Half Nelson,Miles Davis,1948
Hallelujah,,
Harlem Nocturne,Earle Hagen / Dick Rogers,1939
Have You Met Miss Jones?,Richard Rodgers / Lorenz Hart,1937
Have Yourself a Merry Little Christmas,Hugh Martin / Ralph Blane,1944
"Hello, Dolly",Jerry Herman,1963
Here`s That Rainy Day,Jimmy Van Heusen / Johnny Burke,1953
Hey Jude,John Lennon / Paul McCartney,1968
Hindustan,,
Historia de un Amor,Carlos Eleta Almarán,1955
Hit That Jive Jack,,
Hit the Road Jack,Percy Mayfield,1961
Honeysuckle Rose,Fats Waller / Andy Razaf,1929
Hot House,Tadd Dameron,1945
How About You ?,Burton Lane / Ralph Freed,1941
How Deep Is the Ocean?,Irving Berlin,1932
How Do You Say Auf Wiedersehen?,Tony Scibetta / Johnny Mercer,1967
How High The Moon,,
How Insensitive,Antônio Carlos Jobim / Norman Gimbel,1963
How Little We Know,Hoagy Carmichael / Johnny Mercer,1944
How Long Has This Been Going On?,George Gershwin / Ira Gershwin,1928
I Ain’t Got Nobody,Spencer Williams / Roger A. Graham,1915
I Almost Lost My Mind,Ivory Joe Hunter,1949
I Can’t Believe That You’re In Love With Me,Jimmy McHugh / Clarence Gaskill,1926
I Can`t Get Started,Vernon Duke / Ira Gershwin,1936
I Can`t Give You Anything But Love,Jimmy McHugh / Dorothy Fields,1928
I Concentrate on You,Cole Porter,1940
I Could Write a Book,Lorenz Hart / Richard Rodgers,1940
I Cover the Waterfront,Johnny Green / Edward Heyman,1933
I Didn’t Know About You,Duke Ellington / Bob Russell,1944
I Didn’t Know What Time It Was,Richard Rodgers / Lorenz Hart,1939
I Don’t Want to Set the World on Fire,Bennie Benhamin / Eddie Durham / Sol Marcus / Eddie Seiler,1938
I Fall in Love Too Easily,Sammy Cahn / Jule Styne,1944
I Get a Kick Out of You,Cole Porter,1934
I Get Along Without You Very Well,Hoagy Carmichael / Jane Brown Thompson,1939
I Got it Bad and That Ain’t Good,Duke Ellington / Paul Francis Webster,1941
I Got Rhythm,George Gershwin / Ira Gershwin,1930
I Guess I’ll Hang My Tears Out to Dry,Sammy Cahn / Jule Styne,1944
I Know That You Know,Vincent Youmans / Anne Caldwell,1926
I Know Why (And So Do You),Harry Warren / Glenn Miller,1941
I left my heart in San Francisko,George Cory / Douglass Cross,1953
I Let a Song Go Out of My Heart,Duke Ellington / Irving Mills / Henry Nemo / John Redmond,1938
I Love Paris,Cole Porter,1953
I Love You,Cole Porter,1944
"I Loves You, Porgy",George Gershwin / Ira Gershwin / DuBose Heyward,1935
I Mean You,Thelonius Monk / Coleman Hawkins,1946
I Only Have Eyes for You,Harry Warren / Al Dubin,1934
I Remember Clifford,Benny Golson,1957
I Thought About You,Jimmy Van Heusen / Johnny Mercer,1939
I Wanna Be Loved By You,Herbert Stothart / Harry Ruby / Bert Kalmar,1928
I Want A Roof Over My Head,,
I Was Doing All Right,George Gershwin / Ira Gershwin,1937
I Wish I Knew,Harry Warren / Mack Gordon,1945
I Wish You Love (Que reste-t-il de nos amours?),Léo Chauliac /Charles Trenet / Albert Askew Beach,1942
I Wished on the Moon,Ralph Rainger / Dorothy Parker,1935
I Won’t Dance,,
Ice Cream,Howard Johnson / Billy Moll / Robert A. King,1927
If I Had You,Jimmy Campbell / Reg Connelly / Ted Shapiro,1928
If I Love Again,Ben Oakland / J. P. Murray,1933
If I Should Lose You,Ralph Rainger / Leo Robin,1936
If I Were a Bell,Frank Loesser,1950
If You Nebver Come to Me ( Inútil Paisagem ),Antonio Carlos Jobim / Ray Gilbert,1964
I’ll Be A Friend With Pleasure,Maceo Pinkard,1930
I’ll Be Seeing You,Sammy Fain / Irving Kahal,1938
I’ll Close My Eyes,Billy Reid / Buddy Kaye,1945
I’ll Keep On Loving You,F. Tillman,1938
I’m a Fool to Want You,Frank Sinatra / Jack Wolf / Joel Herron,1951
I’m Always Chasing Rainbows,Harry Carroll / Joseph McCarthy,1917
I’m An Errand Boy For Rhythm,Nat King Cole,1954
I’m An Old Cowhand,Johnny Mercer,1936
I’m Beginning To See The Light,Duke Ellington / Johnny Hodges / Harry James / Don George,1944
I’m Confessin’,Chris Smith / Sterling Grant,1929
I’m Crazy ‘Bout My Baby,A. Hill / T. Waller,1931
I’m Getting Sentimental Over You,George Bassman / Ned Washington,1932
I`m Gonna Sit Right Down,Fred E. Ahlert / Joe Young,1935
I’m In The Mood For Love,Jimmy McHugh / Dorothy Fields,1935
I’m Just A Lucky So And So,Duke Ellington / Mack David,1945
I’m Nobody’s Baby,B. Davis,1921
I’m Putting All My Eggs In One Basket,Irving Berlin,1936
Imagination,Jimmy Van Heusel / Johnny Burke,1939
Impressions,John Coltrane,1961
In a Mellow Tone,Duke Ellington / Milt Gabler,1939
In a Sentimental Mood,Duke Ellington / Manny Kurtz,1935
In a Shanty in Old Shanty Town,Ira Schuster / Jack Little / Joe Young,1932
In the mood,Wingy Manone / Andy Razaf / Joe Garland,1939
Indiana,James F. Hanley / Ballard MacDonald,1917
Infant Eyes,Wayne Shorter,1966
Interplay,Bill Evans,1962
Invitation,Bronisław Kaper / Paul Francis Webster,1950
Is It True What They Say About Dixie,Irving Caesar / Sammy Lerner / Gerald Marks,1936
Is You Is or Is You Ain’t My Baby,Billy Austin / Louis Jordan,1943
Isn’t She Lovely,Stevie Wonder,1975
It Could Happen to You,Jimmy Van Heusen / Johnny Burke,1943
It don`t mean a thing,Duke Ellington / Irving Mills,1931
It Had Better Be Tonight (Meglio stasera),Henry Mancini / Franco Migliacci / Johnny Mercer,1963
It had to be you,Isham Jones / Gus Kahn,1924
It’s All Your Fault,Cindy Walker,1942
It’s Impossible,Armando Manzanero / Perry Como,1968
It’s Only A Paper Moon,Harold Arlen / Yip Harburg / Billy Rose,1933
It’s The Talk Of The Town,Jerry Livingston / Marty Symes / Al J. Neiburg,1933
I`ve found a new baby,Jack Palmer / Spencer Williams,1926
I’ve Got A Feeling I’m Falling,Fats Waller / Harry Link / Billy Rose,1929
I’ve Got The World On A String,Harold Arlen / Ted Koehler,1932
I`ve got you under my skin,Cole Porter,1936
I’ve Grown Accustomed To Her Face,Frederick Loewe / Alan Jay Lerner,1956
Ja-da,Bob Carleton,1918
Java Jive,Ben Oakland / Milton Drake,1940
Jazz Me Blues,Tom Delaney,1921
Je Veux (Zaz),Kerredine Soltani / Tryss,2010
Jeepers Creepers,Harry Warren / Johnny Mercer,1938
Jeeves & Wooster,Anne Dudley,1990
Jersey Bounce,Tiny Bradshaw / Eddie Johnson / Bobby Plater / Buddy Feyne,1941
Jim,Nelson Shawn / Caesar Petrillo / Edward Ross,1941
Jingle Bell Rock,Joe Beal / Jim Boothe,1957
Jingle Bells,James Lord Pierpont,1857
Joy Spring,Clifford Brown / Jon Hendricks,1954
Jumpin’ With Symphony Sid,Lester Young / King Pleasure,1949
Just a Closer Walk with Thee,,
Just Friends,John Klenner / Sam M. Lewis,1931
Just in Time,Jule Styne / Betty Comden / Adolph Green,1956
Just the Two of Us,Bill Withers / Ralph MacDonald / William Salter,1980
Just The Way You Are,Billy Joel,1977
"Just You, Just Me",Jesse Greer / Raymond Klages,1929
Key To The Highway,B. B. Broonzy / C. Segar,1940
Killer Joe,Benny Golson,1977
Killing Me Softly with His Song,Charles Fox / Norman Gimbel /Lori Lieberman,1971
Klactoveesedstene,Charlie Parker,1947
Knock Me A Kiss,Mike Jackson / Andy Razaf,1942
L-O-V-E,Bert Kaempfert / Milt Gabler,1964
La Jouet,Vladimir Cosma,1976
La Vie En Rose,Édith Piaf / Louiguy / Mack David,1945
Lady Be Good,George Gershwin / Ira Gershwin,1924
Lady Bird (Miles Davis version),Tadd Dameron,1939
Lady Bird (original version),Tadd Dameron,1939
Lady Bird,Tadd Dameron / Stanley Cornfield,1939
Last Waltz,Les Reed / Barry Mason,1967
Laura,David Raksin,1944
Lazy River,Hoagy Carmichael / Sidney Arodin,1930
Let It Snow,Jule Styne / Sammy Cahn,1945
Let’s Call The Whole Thing Off,George Gershwin / Ira Gershwin,1937
Let’s Face The Music And Dance,Irving Berlin,1936
Let’s Fall In Love,Harold Arlen / Ted Koehler,1933
Libertango,Astor Piazzolla,1974
Light Blue,Thelonious Monk,1958
Like Someone in Love,Jimmy Van Heusen / Johnny Burke,1944
Li’l Darlin’,Neal Hefti / Jon Hendricks,1957
Limbo Jazz,Duke Ellington / Coleman Hawkins,1962
Limehouse Blues,Philip Braham / Douglas Furber,1922
Line For Lyons,Gerry Mulligan,1964
Linger Awhile,L. Owens / V. Rose,1923
Little Brown Jug,Joseph Eastburn Winner / Glenn Miller,1869
Little B’s Poem,,
Lonely Woman,Ornette Coleman / Margo Guryan,1959
Lotus Blossom (Kenny Dorham),Kenny Dorham,1959
Lotus Blossom,Billy Strayhorn,1947
Love For Sale,Cole Porter,1930
Love Is Here to Stay,George Gershwin / Ira Gershwin,1938
Love Is Just Around the Corner,Lewis E. Gensler / Leo Robin,1934
Love me or leave me,Donaldson / Gus Kahn,1928
Love Theme from The Godfather,Nino Rota / Larry Kusik / Gianni Boncompagni,1972
Love Walked In,George Gershwin / Ira Gershwin,1930
"Lover, Come Back To Me",Sigmund Romberg / Oscar Hammerstein II,1928
Lover Man,Jimmy Davis / Roger (“Ram”) Ramirez / James Sherman,1944
Lover,Richard Rodgers / Lorenz Hart,1932
Lullaby of birdland,George Shearing / George David Weiss,1952
Lullaby of Broadway,Harry Warren / Al Dubin,1935
Lulu’s Back In Town,Al Dubin / Harry Warren,1935
Lush Life,Billy Strayhorn,1936
Mack the knife,Kurt Weill / Bertolt Brecht,1928
Makin` Whoopee,Gus Khan / Walter Donaldson,1928
Mame,Jerry Herman,1955
Manhã de Carnaval,Luiz Bonfá / Antônio Maria,1959
Margie,Con Conrad / J. Russel Robinson / Benny Davis,1920
Meditation,Antônio Carlos Jobim / Newton Mendonça,1962
Mein Herr from Cabaret,Fred Ebb / John Kander,1972
Memories of you,Eubie Blake / Andy Razaf,1930
"Mercy, Mercy, Mercy",J. Zawinul,1966
Ми-ми-мишки,,
Midnight Sun,Lionel Hampton / Sonny Burke / Johnny Mercer,1947
Minor Mood,Yusef Lateef,1957
Minor Swing,Django Reinhardt / Stéphane Grappelli,1937
Minority,Gigi Gryce,1953
Miss Otis Regrets,Cole Porter,1934
Mississippi Delta Blues,Jimmie Rodgers / Jack Neville,1933
Mister Sandman,Pat Ballard,1954
Misty Roses,Tim Hardin,1966
Misty,Erroll Garner / Johnny Burke,1954
Molten Glass,Joe Farrell,
Monk’s Dream,Thelonious Monk,1948
Mood Indigo,,
Moon River,Henry Mancini / Johnny Mercer,1961
Moonglow,Will Hudson / Irving Mills / Eddie DeLange,1933
Moonlight in Vermont,John Blackburn / Karl Suessdorf,1944
Moonlight Serenade,Glenn Miller / Mitchell Parish,1939
More Than You Know,Vincent Youmans / Billy Rose / Edward Eliscu,1929
Muskrat Ramble,Ray Gilbert / Edward “Kid” Ory,1926
Mustang,Gennadiy Bondarev,1967
My Blue Heaven,Walter Donaldson / George A. Whiting,1927
My Cherie Amor,Stevie Wonder,1969
My favorite things,Richard Rodgers / Oscar Hammerstein II,1959
My Funny Valentine,Richard Rodgers / Lorenz Hart,1937
My Heart Stood Still,Richard Rodgers / Lorenz Hart,1927
My Ideal,Richard A. Whiting / Newell Chase /Leo Robin,1930
My Little Suede Shoes,Charlie Parker,1951
My Man’s Gone Now,George Gershwin / DuBose Heyward,1935
My Melancholy Baby,Ernie Burnett / George A. Norton,1912
My One and Only Love,Guy Wood / Robert Mellin,1952
My Romance,Lorenz Hart / Richard Rodgers,1935
My Shining Hour,Harold Arlen / Johnny Mercer,1943
My Ship,Kurt Weill / Ira Gershwin,1941
My Way,Claude François / Gilles Thibaut / Jacques Revaux / Paul Anka,1969
My Window Faces The South,A. Silver / M. Parish / J. Livingstone,1933
Naima,John Coltrane,1959
Namely You,Gene DePaul / Johnny Mercer,1956
Nancy (with the Laughing Face),Jimmy Van Heusen / Phil Silvers,1942
Nardis,Miles Davis,1958
Nature Boy,Eden Ahbez,1948
Nearness,,
Nefertiti,Wayne Shorter,1967
"New York, New York",John Kander / Fred Ebb,1977
Nica’s Dream,Horace Silver,1954
Nice Work If You Can Get It,George Gershwin / Ira Gershwin,1937
Night and day,Cole Porter,1932
No Moon at All,David Mann / Redd Evans,1947
No More Blues,Antonio Carlos Jobim / Jon Hendricks / Jessie Cavanaugh / Vinicius DeMoraes,1957
No Regrets,Roy Ingraham / Harry Tobias,1936
Nobody Else but Me,Jerome Kern / Oscar Hammerstein II,1946
Not Like This,Jeremy Lubbock,
Nothing’s Gonna Change My Love for You,Michael Masser / Gerry Goffin,1984
Now’s the Time,Charlie Parker,1945
Nuages,Django Reinhardt,1940
O Grande Amor,Antonio Carlos Jobim / Vinicius DeMoraes,1963
Oblivion,Ástor Piazzolla,1982
Ode To A Flugelhorn,Clark Terry,1965
Offshore,,
Old Devil Moon,Burton Lane / Yip Harburg,1947
Old Fashioned Love,James P. Johnson / Cecil Mack,1923
Old Folks,Willard Robison / Dedette Lee Hill,1938
Oleo,Sonny Rollins,1954
On a Clear Day (You Can See Forever),Burton Lane / Alan Jay Lerner,1965
On a Slow Boat to China,Frank Loesser,1948
On Green Dolphin Street,Bronisław Kaper / Ned Washington,1947
On The Atchison Topeka And The Santa Fe,Harry Warren / Johnny Mercer,1945
On the Street Where You Live,Frederick Loewe / Alan Jay Lerner,1956
On The Sunny Side Of The Street,Jimmy McHugh / Dorothy Fields,1930
Once I Loved (O Amor Em Paz),Antônio Carlos Jobim / Vinícius de Moraes / Ray Gilbert,1960
Once in a While,Michael Edwards / Bud Green,1937
One Note Samba,Antônio Carlos Jobim / Newton Mendonça / Jon Hendricks,1960
Only Trust Your Heart,Benny Carter / Sammy Cahn,1964
Only You,Buck Ram / Ande Rand,1955
Opus One,Sy Oliver / Sid Garris,1943
Out Of Nowhere,Johnny Green / Edward Heyman,1931
Over The Rainbow,Harold Arlen / E.Y. Harburg,1939
Padam Padam (Edith Piaf),Norbert Glanzberg / Henri Contet,1951
Palm Springs Jump,Slim Gaillard,1942
Parisian Thoroughfare,Earl “Bud” Powell,1951
Park Avenue Petite,Benny Golson,1960
"Paroles, paroles",Gianni Ferrio / Michaële,1972
Passion Flower,Billy Strayhorn,1941
Peace,Horace Silver,1959
Pee Wee,Tony Williams,
Pennies from Heaven,Arthur Johnston / Johnny Burke,1936
Pennsylvania 6-5000,Jerry Gray / Carl Sigman,1940
Pensativa,Clare Fischer,1962
Perdido,Juan Tizol / Ervin Drake / Hans Lengsfelder,1941
Perfidia – (Вернись),,
"Perhaps, Perhaps, Perhaps",Osvaldo Farrés,1947
Песенка про водевиль,,
Petit Fleur,Sidney Bechet,1952
Please Don’t Talk About Me When I’m Gone,Sam H.Stept & Bee Palmer / Sidney Clare,1930
Poinciana,Nat Simon / Buddy Bernier,1936
Polka Dots and Moonbeams,Jimmy Van Heusen / Johnny Burke,1940
Por una Cabeza,Carlos Gardel / Alfredo Le Pera,1935
Portrait of Jennie,J. Russel Robinson / Gordon Burdge,1948
Potato Chips,,
Prelude in E Minor,Frédéric Chopin / Mulligan,1839
Prelude to a Kiss,Duke Ellington / Irving Gordon / Irving Mills,1938
Pretty Woman,Roy Orbison / Bill Dees,1964
Prince Albert,Kenny Dorham,1955
Prisoner Of Love,Russ Columbo / Clarence Gaskill / Leo Robin,1931
Put on a Happy Face,Charles Strouse / Lee Adams,1960
Puttin on the Ritz,Irving Berlin,1927
"Quando, Quando, Quando",Tony Renis / Alberto Testa,1962
Quasimodo,Charlie Parker,1947
Rag Mop,Johnnie Lee Wills / Deacon Anderson,1949
Ray’s Idea,,
Recado Bossa Nova (The Gift),Djalma Ferreira / Luiz Antonio,1959
Red Roses for a Blue Lady,Sid Tepper / C. Bennett,1948
Reflections,Thelonious Monk,1954
Right Or Wrong,Arthur Sizemore /Paul Biese / Haven Gillespie,1921
Robbin’s Nest,Illinois Jacques / Sir Charles Thompson,1947
Rose Room,Art Hickman / Harry Williams,1917
Rosetta,Earl Hines / Henri Wood,1933
Round Midnight,Thelonius Monk / Bernie Hanighen,1943
Route 66,Bobby Troup,1946
Royal garden blues,Clarence Williams / Spencer Williams,1919
"Ruby, My Dear",Thelonious Monk,1945
Russian Lullaby,Irving Berlin,1927
Salute To Bandbox,Gigi Gryce / Clifford Brown,1958
Samba De Orfeu,Luiz Bonfá,1959
Samba do Avião,Antônio Carlos Jobim,1962
Santa Claus Is Comin’ to Town,J. Fred Coots / Haven Gillespie,1934
Satin Doll,Duke Ellington / Billy Strayhorn /Johnny Mercer,1953
Scotch and Soda,Dave Guard,1958
Scrapple from the Apple,Charlie Parker,1947
Second Line Parade,,
Sent For You Yesterday,William ‘Count’ Basie / Eddie Durham / James Andrew Rushing,1938
Sentimental Journey,Les Brown / Ben Homer,1944
September Song,Kurt Weill / Maxwell Anderson,1938
Shape of my heart,Sting Gordon Sumner / Dominic Miller,1993
Shine,Ford Dabney / Cecil Mack / Tin Pan Alley / Lew Brown,1910
Shoo Shoo Baby,Phil Moore,1943
"Sing, Sing, Sing",Louis Prima,1936
Sister Sadie,Horace Silver,1959
Skylark,Johnny Mercer / Hoagy Carmichael,1942
Sleepy Time Down South,Clarence Muse / Leon René / Otis René,1931
Smok Gets In Your Eyes,Otto Harbach / Jerome Kern,1933
Smoke on the Water,Ritchie Blackmore / Ian Gillan / Roger Glover / Jon Lord / Ian Paice,1971
Só Danço Samba,Antonio Carlos Jobim / Vinicius DeMoraes / Norman Gimbel,1962
"Softly, as in a Morning Sunrise",Sigmund Romberg / Oscar Hammerstein II,1928
Solid,Sonny Rollins,1956
Some of These Days,Shelton Brooks,1910
Somebody Stole My Gal,Leo Wood,1918
Someday My Prince Will Come,Frank Churchill / Larry Morey,1937
Someday (You’ll Be Sorry),Louis Armstrong,1955
Someday (You’ll Want Me to Want You),Jimmy Hodges,1940
Sometime Ago,Sergio Mihanovitch,1962
Sophisticated Lady,Duke Ellington / Irving Mills / Mitchell Parish,1932
Soul Bossa Nova,Quincy Jones,1962
Soul Eyes,Mal Waldron,1957
Spain,Chick Corea,1971
Speak Low,Kurt Weill / Ogden Nash,1943
Splanky,Neal Paul Hefti,1950
S’posin’,Andy Razaf / Paul Denniker,1929
St. James Infirmary,Don Redman / Irving Mills,1928
St Louis Blues,W. C. Handy,1914
St.Thomas,Sonny Rollins,1956
Stablemates,Benny Golson,1955
Stardust,Hoagy Carmichael,1927
Stars Fell on Alabama,Frank Perkins / Mitchell Parish,1934
Stella by Starlight,Victor Young,1944
Stompin At The Savoy,Edgar Sampson,1933
Stormy Weather,Harold Arlen / Ted Koehler,1933
Straighten Up And Fly Right,Nat King Cole / Irving Mills,1943
Stranger on the Shore,Acker Bilk,1961
Strangers in the Night,Bert Kaempfert / Charles Singleton / Eddie Snyder,1966
Struttin` With Some Barbeque,Lillian Hardin Armstrong / Don Raye,1928
Summer Samba,Marcos Valle / Norman Gimbel / Paulo Sérgio Valle,1964
Summertime,George Gershwin / DuBose Heyward / Ira Gershwin,1935
Sunny,Bobby Hebb,1966
Sway,Luis Demetrio / Norman Gimbel,1953
Sweet Georgia Brown,Ben Bernie / Maceo Pinkard / Kenneth Casey,1925
Sweet Lorraine,Cliff Burwell / Mitchell Parish,1928
Sweet Sue – Just You,Victor Young / Will J. Harris,1928
Swing 42,,
Swing That Music,Louis Armsrong / Horace Gerlach,1936
Take Five,Paul Desmond,1959
Take The “A” Train,Billy Strayhorn / Joya Sherrill / Lee Gaines,1939
Taking A Chance On Love,Vernon Duke / John La Touche / Ted Fetter,1940
Tea for two,Vincent Youmans / Irving Caesar,1924
Teach Me Tonight,Gene De Paul / Sammy Cahn,1953
Teaneck,,
Tenderly,Walter Gross / Jack Lawrence,1946
That Chick’s Too Young To Fry,Tommy Edwards / Jimmy Hilliard,1945
That’s All,Alan Brandt / Bob Haymes,1952
The Christmas Song,Robert Wells / Mel Tormé,1945
Days Of Wine And Roses,Henry Mancini / Johnny Mercer,1962
The Duke,Dave Brubeck,1955
The Girl From Ipanema,Antônio Carlos Jobim / Vinícius de Moraes / Norman Gimbel,1963
The Good Life,Sacha Distel / Jack Reardon,1962
The Gypsy,,
The Jody Grind,Horace Silver,1966
The Lady Is a Tramp,Richard Rodgers / Lorenz Hart,1937
The Man I Love,,
The Man That Got Away,Harold Arlen / Ira Gershwin,1953
The Nearness Of You,Carmichael / Ned Washington,1937
The Party’s Over,Betty Comden / Adolph Green / Jule Styne,1956
The Preacher,Horace Silver,1955
The Shadow of Your Smile,Johnny Mandel / Paul Francis Webster,1965
The Shake of Araby,Ted Snyder / Harry B. Smith / Francis Wheeler,1921
The Touch of Your Lips,Ray Noble,1936
The Very Thought of You,Ray Noble,1934
The Way You Look Tonight,Jerome Kern / Dorothy Fields,1936
The world is waiting for the sunrise,Raymond Roberts / Gene Lockhart,1919
The World We Knew (Over and Over),Carl Sigman / Bert Kaempfert / Herbert Rehbein,1967
Them There Eyes,Maceo Pinkard / Doris Tauber / William Tracey,1930
Theme for Ernie,,
Then I’ll Be Happy,Cliff Friend / Lew Brown / Sidney Clare,1925
There Is No Greater Love,Isham Jones / Marty Symes,1936
There will never be another you,,
There’ll Be Some Changes Made,Benton Overstreet / Billy Higgins,1921
These Foolish Things,Jack Strachey / Harry Link / Eric Maschwitz,1935
They Call It Stormy Monday,Aaron Walker a.k.a. T-Bone Walker,1947
They Can’t Take That Away From Me,George Gershwin / Ira Gershwin,1937
Things Ain’t What They Used To Be,Mercer Ellington / Ted Persons,1942
This Love of Mine,Sol Parker / Henry Sanicola / Frank Sinatra,1941
This Masquerade,Leon Russell,1972
Three O’Clock in the Morning,Dorothy Terriss / Julian Robledo,1919
Till There Was You,Meredith Wilson,1950
Tin Roof Blues,George Brunies / Paul Mares / Ben Pollack / Leon Roppolo / Mel Stitzel / Walter Melrose,1923
Tombe la neige,Salvatore Adamo,1963
Too Many Tears,Harry Warren / Dublin,1932
"Toot, Toot, Tootsie (Goo’ Bye!)",Gus Kahn / Ernie Erdman / Danny Russo,1922
Triste,Antônio Carlos Jobim,1966
Tuxedo Junction,Erskine Hawkins / Bill Johnson / Julian Dash / Buddy Feyne,1939
Twelfth Street Rag,Euday L. Bowman,1914
Two for the Road,Henry Mancini / Leslie Bricusse,1967
Улыбка,,
Un homme et une femme,Francis Lai / Pierre Barouh,1966
Unchained Melody,Alex North / Hy Zaret,1955
Undecided,Sid Robin / Charlie Shavers,1938
Une vie d’amour,Georges Garvarentz / Charles Aznavour,1981
Unforgettable,Irving Gordon,1951
Up a Lazy River,Hoagy Carmichael / Sidney Arodin,1930
Up Jumped Spring,,
Va Bank,Henryk Kuzniak,1981
Veja Bem Meu Bem,,
Virgo,Wayne Shorter,1964
Visa från Utanmyra,Swedish Traditional,
Volare,Domenico Modugno / Franco Migliacci / Mitchell Parish,1958
Voyage,Kenny Barron,1986
Walkin’ My Baby Back Home,Fred E. Ahlert / Roy Turk,1930
Washington & Lee Swing,Mark W. Sheafe / Thornton W. Allen / Clarence A. (Tod) Robbins,1910
Watermelon Man,Herbie Hancock,1962
Wave,Antonio Carlos Jobim,1967
Way down yonder in New Orleans,Joe Turner Layton / Henry Creamer,1922
"Well, You Needn’t",Thelonious Monk,1944
What a diff’rence a day made,María Grever / Stanley Adams,1934
What a Wonderful World,Bob Thiele / George David Weiss,1967
What Are You Doing the Rest of Your Life,Michel Legrand / Alan Bergman / Marilyn Bergman,1969
What Is This Thing Called Love,Cole Porter,1929
Whatever Lola wants,Richard Adler / Jerry Ross,1955
What`s New,,
When I Fall In Love,Victor Young / Edward Heyman,1952
When I Grow Too Old To Dream,Sigmund Romberg / Oscar Hammerstein II,1934
When Sunny Gets Blue,Marvin Fisher / Jack Segal,1956
When the Saints,,
When Will the Blues Leave,Ornette Coleman,1958
When you`re smiling,Larry Shay / Mark Fisher / Joe Goodwin,1928
Whisper Not,Benny Golson / Leonard Feather,1956
White Christmas,Irving Berlin,1942
Who Can I Turn To?,Anthony Newley / Leslie Bricusse,1964
Who walk in when I walk out,Al Goodhart / Al Hoffman / Ralph Freed,1933
Who`s Sorry Now,Ted Snyder / Bert Kalmar / Harry Ruby,1923
Why Don’t You Do Right,Kansas Joe McCoy / Herb Morand,1936
Willie the weeper,Walter Melrose / Grant Rymal / Marty Bloom,1904
Willow Weep for Me,Ann Ronell,1932
Windows,Chick Corea,1966
Whispering,Malvin Schonberger / John Schonberger,1920
Witchcraft,Cy Coleman / Carolyn Leigh,1957
Wolverine blues,Jelly Roll Morton / Benjamin Franklin “Reb” Spikes / John Curry Spikes,1923
Yardbird Suite,Charlie Parker,1946
"Yes, Sir!",Walter Donaldson / Gus Kahn,1925
Yesterdays,Jerome Kern / Otto Harbach,1933
You Always Hurt The One You Love,Allan Roberts / Doris Fisher,1944
You Are The Sunshine of My Life,Stevie Wonder,1973
You Call Everybody Darling,Sam Martin / Ben Trace / Clem Watts,1946
You Can Depend On Me,Charles Carpenter / Louis Dunlap / Earl “Fatha” Hines,1931
You Don’t Know What Love Is,Gene de Paul / Don Raye,1941
You Made Me Love You,James V. Monaco / Joseph McCarthy,1913
You Make Me Feel So Young,Josef Myrow / Mack Gordon,1946
You Took Advantage Of Me,Richard Rodgers / Lorenz Hart,1928
You’d Be So Nice to Come Home To,Cole Porter,1942
You’ve Changed,Carl Fischer / Bill Carey,1942
