musica_buscada,titulo_video_encontrado,status,busca_limpa,titulo_limpo,similaridade
Главное ребята сердцем не стареть А. Пахмутова,"Александра Пахмутова. Главное, ребята, сердцем не стареть. Поет Владислав Коннов (1977)",Sucesso (Verificado),главное ребята сердцем не стареть а пахмутова,александра пахмутова главное ребята сердцем не стареть поет владислав коннов,98
"Гори, гори, моя звезда Пётр Булахов",Булахов Чуевский Гори гори моя звезда Сергей Лемешев 1940,Sucesso (Verificado),гори гори моя звезда пётр булахов,булахов чуевский гори гори моя звезда сергей лемешев 1940,90
Джон Грей Матвей Блантер,"""ДЖОН ГРЕЙ"" - Матвей Блантер, Владимир Масс. Поет Даниил Кручинин",Sucesso (Verificado),джон грей матвей блантер,джон грей матвей блантер владимир масс поет даниил кручинин,100
Дорогие мои москвичи И. Дунаевский,И.Дунаевский - Дорогие мои москвичи,Sucesso (Verificado),дорогие мои москвичи и дунаевский,идунаевский дорогие мои москвичи,95
Закон Архимеда наоборот В. Людвиковский,Закон Архимеда наоборот,Sucesso (Verificado),закон архимеда наоборот в людвиковский,закон архимеда наоборот,100
Колыбельная И. Дунаевский,Дунаевский КОЛЫБЕЛЬНАЯ.wmv,Sucesso (Verificado),колыбельная и дунаевский,дунаевский колыбельнаяwmv,90
Ландыши О. Фельцман,Ландыши – О. Фельцман,Sucesso (Verificado),ландыши о фельцман,ландыши о фельцман,100
Любимый город,Любимый город,Sucesso (Verificado),любимый город,любимый город,100
Люблю / Вдыхая розы аромат Ефим Розенфельд,Люблю / Вдыхая розы аромат (муз. Ефима Розенфельда - ст. Н. Венгерской),Sucesso (Verificado),люблю вдыхая розы аромат ефим розенфельд,люблю вдыхая розы аромат,100
Нам нужна одна победа,Нам нужна одна Победа | We Need One Victory【Russian Airborne March】,Sucesso (Verificado),нам нужна одна победа,нам нужна одна победа we need one victoryrussian airborne march,100
Песенка о медведях А. Зацепин,"Песенка о медведях (из кинофильма ""Кавказская пленница"")",Sucesso (Verificado),песенка о медведях а зацепин,песенка о медведях,100
Радостный день А. Цфасман,11 - Александр Цфасман - Радостный день / Alexander Tsfasman - A Joyful Day,Sucesso (Verificado),радостный день а цфасман,11 александр цфасман радостный день alexander tsfasman a joyful day,96
Серенада Трубадура «Луч солнца золотого…» Геннадий Гладков,Луч солнца золотого. Серенада Трубадура (из м/ф...,Sucesso (Verificado),серенада трубадура луч солнца золотого геннадий гладков,луч солнца золотого серенада трубадура из мф,93
Старый рояль Марк Минков,"""Старый рояль"" ( музыка-Марк Минков, слова-А.Иванов)",Sucesso (Verificado),старый рояль марк минков,старый рояль,100
Сердце / Как много девушек хороших Василий Лебедев-Кумач,"Как много девушек хороших Стихи: Василий Лебедев-Кумач  1934  Исполняет группа  ""Премьер-Министр""",Sucesso (Verificado),сердце как много девушек хороших василий лебедевкумач,как много девушек хороших стихи василий лебедевкумач 1934 исполняет группа премьерминистр,93
Цветущий Май А. Полонский,ЦВЕТУЩИЙ МАЙ фокстрот Артур Полонский,Sucesso (Verificado),цветущий май а полонский,цветущий май фокстрот артур полонский,96
Эти глаза напротив Д. Тухманов,Эти глаза напротив,Sucesso (Verificado),эти глаза напротив д тухманов,эти глаза напротив,100
Шаланды Никита Богословский,"Никита Богословский. Шаланды, полные кефали. Поет Марк Бернес",Sucesso (Verificado),шаланды никита богословский,никита богословский шаланды полные кефали поет марк бернес,100
12th Street Rag Euday L. Bowman,"12th Street Rag by Euday L. Bowman ~ Aaron Robinson, piano",Sucesso (Verificado),12th street rag euday l bowman,12th street rag by euday l bowman aaron robinson piano,100
42nd Street Harry Warren,Forty-Second Street by Harry Warren Arr. by Paul Cook (READ DESCRIPTION),Sucesso (Verificado),42nd street harry warren,fortysecond street by harry warren arr by paul cook,88
Я шагаю по Москве Андрей Петров,"Андрей Петров - Я Шагаю По Москве (1964) A. Petrov - Je M'Balade Dans Moscou, Vinyl 4K, 24bit/96kHz",Sucesso (Verificado),я шагаю по москве андрей петров,андрей петров я шагаю по москве a petrov je mbalade dans moscou vinyl 24bit96khz,100
502 Blues Jimmy Rowles,502 Blues (Drinkin' And Drivin') (Rudy Van Gelder Edition/2000 Digital Remaster/24 Bit Mastering),Sucesso (Verificado),502 blues jimmy rowles,502 blues,100
500 Miles High Chick Corea,500 Miles High,Sucesso (Verificado),500 miles high chick corea,500 miles high,100
52nd Street Theme Th. Monk,52nd Street Theme (1997 Remastered - Take D),Sucesso (Verificado),52nd street theme th monk,52nd street theme,100
9:20 Special Earle Warren,9-20 Special,Sucesso (Verificado),920 special earle warren,920 special,100
A Bientot Billy Taylor,A Bientot,Sucesso (Verificado),a bientot billy taylor,a bientot,100
"Beautiful Friendship, A",Beautiful Friendship – Franco Cerri & Dado Moroni Quartet (Official Audio) – Abeat Records,Sucesso (Verificado),beautiful friendship a,beautiful friendship franco cerri dado moroni quartet abeat records,95
A Chicken Ain’t Nothing But A Bird L. Jordan,Cab Calloway - A Chicken Ain't Nothing But A Bird (Official Audio),Sucesso (Verificado),a chicken aint nothing but a bird l jordan,cab calloway a chicken aint nothing but a bird,87
A Felicidade Antônio Carlos Jobim,A Felicidade,Sucesso (Verificado),a felicidade antônio carlos jobim,a felicidade,100
A Foggy Day George Gershwin,A Foggy Day (Remastered),Sucesso (Verificado),a foggy day george gershwin,a foggy day,100
A Night in Tunisia Dizzy Gillespie,A Night In Tunisia,Sucesso (Verificado),a night in tunisia dizzy gillespie,a night in tunisia,100
A Lot of Livin’ to Do,A Lot of Livin' to Do,Sucesso (Verificado),a lot of livin to do,a lot of livin to do,100
A Sunbonnet Blue Sammy Fain,A Sunbonnet Blue,Sucesso (Verificado),a sunbonnet blue sammy fain,a sunbonnet blue,100
A String of Pearls Jerry Gray,A String of Pearls arr Jerry Gray,Sucesso (Verificado),a string of pearls jerry gray,a string of pearls arr jerry gray,100
A Sound For Sore Ears Jimmy Heath,Jimmy Heath - A Sound for Sore Ears,Sucesso (Verificado),a sound for sore ears jimmy heath,jimmy heath a sound for sore ears,100
"A-Tisket, A-Tasket Ella Fitzgerald","Ella Fitzgerald - A-Tisket, A-Tasket (Audio)",Sucesso (Verificado),atisket atasket ella fitzgerald,ella fitzgerald atisket atasket,100
A Time For Love Johnny Mande,A Time For Love (music by Johnny Mandel  - Lyrics  by Paul Francis Webster),Sucesso (Verificado),a time for love johnny mande,a time for love,100
About A Quarter To Nine Harry Warren,"12-24-1893 Harry Warren, About A Quarter To Nine",Sucesso (Verificado),about a quarter to nine harry warren,12241893 harry warren about a quarter to nine,100
Ac-Dc Current Benny Goodman,AC-DC Current,Sucesso (Verificado),acdc current benny goodman,acdc current,100
Ac-Cent-Tchu-Ate The Positive Harold Arlen,Ac-Cent-Tchu-Ate the Positive,Sucesso (Verificado),accenttchuate the positive harold arlen,accenttchuate the positive,100
Ace in the Hole Cole Porter,Ace In The Hole,Sucesso (Verificado),ace in the hole cole porter,ace in the hole,100
Across The Alley From The Alamo Joe Greene,Across The Alley From The Alamo,Sucesso (Verificado),across the alley from the alamo joe greene,across the alley from the alamo,100
Adam`s Apple Wayne Shorter,Adam's Apple (Remastered 2000 / Rudy Van Gelder Edition),Sucesso (Verificado),adams apple wayne shorter,adams apple,100
Adagio Tomaso Albinoni,Tomaso Albinoni - Adagio in G Minor,Sucesso (Verificado),adagio tomaso albinoni,tomaso albinoni adagio in g minor,100
Africa John Coltrane,Africa,Sucesso (Verificado),africa john coltrane,africa,100
African Queen Horace Silver,The African Queen,Sucesso (Verificado),african queen horace silver,the african queen,87
Afro Blue Mongo Santamaria,Mongo Santamaria - Afro Blue (Official Audio),Sucesso (Verificado),afro blue mongo santamaria,mongo santamaria afro blue,100
"After You`ve Gone Turner Layton, Henry Creamer",After You've Gone (1918) - Henry Creamer - Turner Layton - Marion Harris - Rosario Bourdon,Sucesso (Verificado),after youve gone turner layton henry creamer,after youve gone henry creamer turner layton marion harris rosario bourdon,100
Ah-Leu-Cha (duo) Charlie Parker,Ah-leu-cha-Charlie Parker,Sucesso (Verificado),ahleucha charlie parker,ahleuchacharlie parker,98
Ah-Leu-Cha Charlie Parker,Ah-leu-cha-Charlie Parker,Sucesso (Verificado),ahleucha charlie parker,ahleuchacharlie parker,98
"Ain`t Misbehavin Fats Waller, Harry Brooks, Andy Razaf","04. Ain't misbehavin' (Fats Waller, Harry Brooks & Andy Razaf)",Sucesso (Verificado),aint misbehavin fats waller harry brooks andy razaf,04 aint misbehavin,91
Ain`t She Sweet Milton Ager,Ain't She Sweet,Sucesso (Verificado),aint she sweet milton ager,aint she sweet,100
Afternoon In Paris John Lewis,John Lewis & Sacha Distel. Afternoon in Paris.,Sucesso (Verificado),afternoon in paris john lewis,john lewis sacha distel afternoon in paris,100
Airegin Sonny Rollins,Sonny Rollins - Airegin (Audio Only),Sucesso (Verificado),airegin sonny rollins,sonny rollins airegin,100
Airmail Special Benny Goodman,"Benny Goodman - ""Airmail Special""",Sucesso (Verificado),airmail special benny goodman,benny goodman airmail special,100
Alcoholic Blues Albert Von Tilzer,Billy Murray - The Alcoholic Blues 1919 (Prohibition Song) Albert Von Tilzer,Sucesso (Verificado),alcoholic blues albert von tilzer,billy murray the alcoholic blues 1919 albert von tilzer,100
Alexander`s Ragtime Band Irving Berlin,Alexander's Ragtime Band,Sucesso (Verificado),alexanders ragtime band irving berlin,alexanders ragtime band,100
Alfie Burt Bacharach,Alfie,Sucesso (Verificado),alfie burt bacharach,alfie,100
Alfie`s Theme Sonny Rollins,Sonny Rollins - Alfie's Theme,Sucesso (Verificado),alfies theme sonny rollins,sonny rollins alfies theme,100
All Blues Miles Davis,Miles Davis - All Blues (Official Audio),Sucesso (Verificado),all blues miles davis,miles davis all blues,100
All My Tomorrows Jimmy van Heusen,All My Tomorrows (2008 Remastered),Sucesso (Verificado),all my tomorrows jimmy van heusen,all my tomorrows,100
All Or Nothing At All Arthur Altman,All or Nothing at All,Sucesso (Verificado),all or nothing at all arthur altman,all or nothing at all,100
All Of You Cole Porter,All of You,Sucesso (Verificado),all of you cole porter,all of you,100
All The Things You Are Jerome Kern,Jerome Kern - All The Things You Are [1939],Sucesso (Verificado),all the things you are jerome kern,jerome kern all the things you are,100
All Too Soon Duke Ellington,All Too Soon,Sucesso (Verificado),all too soon duke ellington,all too soon,100
Almost like being in love Frederick Loewe,Almost Like Being In Love by Frederick Loewe arr. Collins,Sucesso (Verificado),almost like being in love frederick loewe,almost like being in love by frederick loewe arr collins,100
Alone Together Arthur Schwartz,Alone Together- Arthur Schwartz /Howard Dietz,Sucesso (Verificado),alone together arthur schwartz,alone together arthur schwartz howard dietz,100
Along Came Betty Benny Golson,Benny Golson Sextet - Along Came Betty,Sucesso (Verificado),along came betty benny golson,benny golson sextet along came betty,100
Always And Forever Pat Metheny,Always and Forever,Sucesso (Verificado),always and forever pat metheny,always and forever,100
Always On My Mind Wayne Carson,Always On My Mind,Sucesso (Verificado),always on my mind wayne carson,always on my mind,100
Am I Blue Harry Akst,Am I Blue? (High Audio Version),Sucesso (Verificado),am i blue harry akst,am i blue,100
Amapola Joseph Lacalle,Amapola (Joseph M. Lacalle) (HQ Official Audio Video),Sucesso (Verificado),amapola joseph lacalle,amapola,100
Ana Maria,"Luísa Sonza, DUDA BEAT - Ana Maria (Áudio Oficial)",Sucesso (Verificado),ana maria,luísa sonza duda beat ana maria,100
Among My Souvenirs Horatio Nicholls,Among My Souvenirs - Horatio Nicholls / Jazz Backing Track,Sucesso (Verificado),among my souvenirs horatio nicholls,among my souvenirs horatio nicholls jazz backing track,100
And On The Third Day,The Gary Burton Quartet - And On The Third Day (HQ Audio),Sucesso (Verificado),and on the third day,the gary burton quartet and on the third day,100
Angel Eyes Matt Dennis,Matt Dennis - Angel Eyes,Sucesso (Verificado),angel eyes matt dennis,matt dennis angel eyes,100
Anthropology Charlie Parker,Charlie Parker - Anthropology,Sucesso (Verificado),anthropology charlie parker,charlie parker anthropology,100
Anything Goes Cole Porter,Cole Porter - Anything Goes (Official Audio),Sucesso (Verificado),anything goes cole porter,cole porter anything goes,100
April In Paris Vernon Duke,"April In Paris - Vernon Duke, Bob Lowden",Sucesso (Verificado),april in paris vernon duke,april in paris vernon duke bob lowden,100
Aquarela do Brasil Ary Barroso,Aquarela Do Brasil,Sucesso (Verificado),aquarela do brasil ary barroso,aquarela do brasil,100
Apple Core Gerry Mulligan,Apple Core,Sucesso (Verificado),apple core gerry mulligan,apple core,100
Are You Real Benny Golson,Are You Real,Sucesso (Verificado),are you real benny golson,are you real,100
As Time Goes By Herman Hupfeld,As time goes by (Herman Hupfeld) (HQ Official Audio Video),Sucesso (Verificado),as time goes by herman hupfeld,as time goes by,100
Armando’s Rhumba Chick Corea,Chick Corea Trilogy - Armando’s Rhumba (Official Audio),Sucesso (Verificado),armandos rhumba chick corea,chick corea trilogy armandos rhumba,100
At The Jazz Band Ball Nick LaRocca,At The Jazz Band Ball,Sucesso (Verificado),at the jazz band ball nick larocca,at the jazz band ball,100
Au Privave Charlie Parker,Au Privave (Take 3 Master),Sucesso (Verificado),au privave charlie parker,au privave,100
Avalon Al Jolson,Al Jolson - Avalon (1920),Sucesso (Verificado),avalon al jolson,al jolson avalon,100
Baby What You Want Me To Do Jimmy Reed,Baby What You Want Me To Do by Jimmy Reed from 'Mr. Luck',Sucesso (Verificado),baby what you want me to do jimmy reed,baby what you want me to do by jimmy reed from mr luck,100
Badinerie Johann Sebastian Bach,Badinerie - Johann Sebastian Bach,Sucesso (Verificado),badinerie johann sebastian bach,badinerie johann sebastian bach,100
Barbados Charlie Parker,BARBADOS by the Charlie Parker All Stars with Miles Davis 1948,Sucesso (Verificado),barbados charlie parker,barbados by the charlie parker all stars with miles davis 1948,100
"Baby, won`t you please come home Charles Warfield",Come Home | Charles Warfield | Prod. By DEAD1 | Baby Won't You Please Come Home |,Sucesso (Verificado),baby wont you please come home charles warfield,come home charles warfield prod by dead1 baby wont you please come home,100
Basin Street Blues Spencer Williams,Basin Street Blues by Spencer Williams | Arr. by Michael Sweeney,Sucesso (Verificado),basin street blues spencer williams,basin street blues by spencer williams arr by michael sweeney,100
Beale Street Blues W.C. Handy,Beale Street Blues,Sucesso (Verificado),beale street blues wc handy,beale street blues,100
Bei Mir Bist Du Shoen Sholom Secunda,Sholom Secunda - Bei Mir Bist Du Shein Arr. Alexander Vinitsky.,Sucesso (Verificado),bei mir bist du shoen sholom secunda,sholom secunda bei mir bist du shein arr alexander vinitsky,91
Beautiful Love Wayne King,Beautiful Love- Victor Young + Wayne King,Sucesso (Verificado),beautiful love wayne king,beautiful love victor young wayne king,100
Bésame Mucho Consuelo Velázquez,Consuelo Velazquez — Besame Mucho,Sucesso (Verificado),bésame mucho consuelo velázquez,consuelo velazquez besame mucho,97
Bebop Dizzy Gillespie,Be-Bop,Sucesso (Verificado),bebop dizzy gillespie,bebop,100
Between The Devil And The Deep Blue Sea Harold Arlen,Between the Devil and the Deep Blue Sea,Sucesso (Verificado),between the devil and the deep blue sea harold arlen,between the devil and the deep blue sea,100
Beyond the Sea Charles Trenet,"La Mer,  Beyond the Sea, Singer&writer Charles Trenet  -1946 original with Lyrics",Sucesso (Verificado),beyond the sea charles trenet,la mer beyond the sea singerwriter charles trenet 1946 original with s,100
Bidin’ My Time George Gershwin,Bidin' My Time,Sucesso (Verificado),bidin my time george gershwin,bidin my time,100
Bill Bailey Hughie Cannon,Oldie - Bill Bailey by Hughie Cannon (1902),Sucesso (Verificado),bill bailey hughie cannon,oldie bill bailey by hughie cannon,100
Billie`s bounce Charlie Parker,Billie's Bounce / Charlie Parker　The Savoy Recordings,Sucesso (Verificado),billies bounce charlie parker,billies bounce charlie parker the savoy recordings,100
Bird Alone Abbey Lincoln,Abbey Lincoln featuring Stan Getz - Bird alone,Sucesso (Verificado),bird alone abbey lincoln,abbey lincoln featuring stan getz bird alone,100
Bittersweet Sam Jones,Bittersweet,Sucesso (Verificado),bittersweet sam jones,bittersweet,100
Black and Blue Fats Waller,Black & Blue,Sucesso (Verificado),black and blue fats waller,black blue,100
Blame It on My Youth Oscar Levant,"""Blame It On My Youth"" Ned Sawyer and His Orchestra (1935) led by Nat Shilkret = Oscar Levant song",Sucesso (Verificado),blame it on my youth oscar levant,blame it on my youth ned sawyer and his orchestra led by nat shilkret oscar levant song,100
Black Orpheus Luiz Bonfá,Black Orpheus - Luiz Bonfa,Sucesso (Verificado),black orpheus luiz bonfá,black orpheus luiz bonfa,98
Bloomdido Charlie Parker,"""Bloomdido""   Charlie Parker and Dizzy Gillespie",Sucesso (Verificado),bloomdido charlie parker,bloomdido charlie parker and dizzy gillespie,100
Blue and Sentimental Count Basie,Blue and Sentimental (2004 Remaster),Sucesso (Verificado),blue and sentimental count basie,blue and sentimental,100
Blue Bossa Kenny Dorham,Blue Bossa I Kenny Dorham I Jazz,Sucesso (Verificado),blue bossa kenny dorham,blue bossa i kenny dorham i jazz,100
Blue Moon Richard Rodgers,Blue Moon (1999 Remastered),Sucesso (Verificado),blue moon richard rodgers,blue moon,100
Blue Room Richard Rodgers,Blue Room (Richard Rodgers),Sucesso (Verificado),blue room richard rodgers,blue room,100
Blue Monk Thelonious Monk,Thelonious Monk Quartet - Blue Monk,Sucesso (Verificado),blue monk thelonious monk,thelonious monk quartet blue monk,100
Blues For Dixie,Blues For Dixie,Sucesso (Verificado),blues for dixie,blues for dixie,100
Blues March Benny Golson,Blues March,Sucesso (Verificado),blues march benny golson,blues march,100
Blue Skies Iving Berlin,Blue Skies,Sucesso (Verificado),blue skies iving berlin,blue skies,100
Bluff Lelio Luttazzi,Bluff (Storia di truffe e di imbroglioni) - Lelio Luttazzi - 1976,Sucesso (Verificado),bluff lelio luttazzi,bluff lelio luttazzi 1976,100
Bluesette Toots Thielemans,Toots Thielemans - Bluesette,Sucesso (Verificado),bluesette toots thielemans,toots thielemans bluesette,100
Blues My Naughty Sweetie Gives To Me Charles McCarron,Blues My Naughty Sweetie Gives to Me,Sucesso (Verificado),blues my naughty sweetie gives to me charles mccarron,blues my naughty sweetie gives to me,100
Bohemia After Dark Oscar Pettiford,Bohemia After Dark,Sucesso (Verificado),bohemia after dark oscar pettiford,bohemia after dark,100
Body and Soul Johnny Green,Body and Soul (John Green),Sucesso (Verificado),body and soul johnny green,body and soul,100
Bop-Be Keith Jarrett,Bop-Be (Live),Sucesso (Verificado),bopbe keith jarrett,bopbe,100
Brain Cloudy Blues Merle Haggard,"Merle Haggard - ""Brain Cloudy Blues"" [Live from Austin, TX]",Sucesso (Verificado),brain cloudy blues merle haggard,merle haggard brain cloudy blues,100
"Brigas, Nunca Mais Antônio Carlos Jobim",Brigas Nunca Mais,Sucesso (Verificado),brigas nunca mais antônio carlos jobim,brigas nunca mais,100
Buddy Bolden Blues Jelly Roll Morton,Jelly Roll Morton - Buddy Bolden's Blues (1939),Sucesso (Verificado),buddy bolden blues jelly roll morton,jelly roll morton buddy boldens blues,99
But Beautiful Johnny Burke,But Beautiful,Sucesso (Verificado),but beautiful johnny burke,but beautiful,100
But Not For Me George Gershwin,But Not for Me,Sucesso (Verificado),but not for me george gershwin,but not for me,100
By a Waterfall Sammy Fain,By A Waterfall - Sammy Fain - Robert Farnon And His Orchestra - London B20006,Sucesso (Verificado),by a waterfall sammy fain,by a waterfall sammy fain robert farnon and his orchestra london b20006,100
Bye Bye Blues Fred Hamm,Bye Bye Blues / Fred Hamm and his Orchestra,Sucesso (Verificado),bye bye blues fred hamm,bye bye blues fred hamm and his orchestra,100
C Jam Blues Duke Ellington,C Jam Blues (Remastered),Sucesso (Verificado),c jam blues duke ellington,c jam blues,100
Bye Bye Blackbird Ray Henderson,Bye Bye Blackbird,Sucesso (Verificado),bye bye blackbird ray henderson,bye bye blackbird,100
Cabaret John Kander,"Cabaret (From ""Cabaret"")",Sucesso (Verificado),cabaret john kander,cabaret,100
Can Can,Offenbach - Can Can Music,Sucesso (Verificado),can can,offenbach can can music,100
Call Me Irresponsible Jimmy Van Heusen,Call Me Irresponsible (2001 Remaster),Sucesso (Verificado),call me irresponsible jimmy van heusen,call me irresponsible,100
Candy Alex Kramer,Candy (1944),Sucesso (Verificado),candy alex kramer,candy,100
Centerpiece,O.E. - Centerpiece (Audio),Sucesso (Verificado),centerpiece,oe centerpiece,100
Caravan Juan Tizol,Caravan,Sucesso (Verificado),caravan juan tizol,caravan,100
C`est Si Bon Henri Betti,C'est Si Bon,Sucesso (Verificado),cest si bon henri betti,cest si bon,100
Ceora Lee Morgan,Lee Morgan Quintet - Ceora,Sucesso (Verificado),ceora lee morgan,lee morgan quintet ceora,100
Chattanooga Choo-Choo Harry Warren,Chattanooga Choo-Choo,Sucesso (Verificado),chattanooga choochoo harry warren,chattanooga choochoo,100
Cheek To Cheek Irving Berlin,"Radio Serenaders ""Cheek To Cheek"" Irving Berlin song 1935 (Pat O'Malley & Jay Wilbur) LYRICS HERE",Sucesso (Verificado),cheek to cheek irving berlin,radio serenaders cheek to cheek irving berlin song 1935 s here,100
Chelsea Bridge Billy Strayhorn,"""Chelsea Bridge"" (1941) Duke Ellington/Billy Strayhorn",Sucesso (Verificado),chelsea bridge billy strayhorn,chelsea bridge duke ellingtonbilly strayhorn,89
Cherokee Ray Noble,1938 Ray Noble - Cherokee,Sucesso (Verificado),cherokee ray noble,1938 ray noble cherokee,100
Chameleon Herbie Hancock,Herbie Hancock - Chameleon (Official Audio),Sucesso (Verificado),chameleon herbie hancock,herbie hancock chameleon,100
Cherry Don Redman,Cherry – ( Don Redman – 1928 ),Sucesso (Verificado),cherry don redman,cherry,100
Chi Chi Charlie Parker,Chi Chi,Sucesso (Verificado),chi chi charlie parker,chi chi,100
Cheryl Charlie Parker,Cheryl,Sucesso (Verificado),cheryl charlie parker,cheryl,100
Chicago Fred Fisher,Chicago by Fred Fisher,Sucesso (Verificado),chicago fred fisher,chicago by fred fisher,100
Child Is Born Thad Jones,Thad Jones & Mel Lewis Jazz Orchestra - A Child Is Born,Sucesso (Verificado),child is born thad jones,thad jones mel lewis jazz orchestra a child is born,100
"Chinatown, My Chinatown Jean Schwartz","Chinatown, My Chinatown (78RPM Version)",Sucesso (Verificado),chinatown my chinatown jean schwartz,chinatown my chinatown,100
China Boy Phil Boutelje,"China Boy (1922), Phil Boutelje & Dick Winfree",Sucesso (Verificado),china boy phil boutelje,china boy phil boutelje dick winfree,100
Clarinet Marmalade Larry Shields,Clarinet Marmalade. Larry Shields Mark Walton clarinet,Sucesso (Verificado),clarinet marmalade larry shields,clarinet marmalade larry shields mark walton clarinet,100
Chovendo Na Roseira Antônio Carlos Jobim,Chovendo Na Roseira (Double Rainbow),Sucesso (Verificado),chovendo na roseira antônio carlos jobim,chovendo na roseira,100
Christopher Columbus C. Berry,Columbus (2002 Remastered Version),Sucesso (Verificado),christopher columbus c berry,columbus,100
Close Your Eyes Bernice Petkere,Bernice Petkere - Close your eyes,Sucesso (Verificado),close your eyes bernice petkere,bernice petkere close your eyes,100
Close Enough for Love Johnny Mandel,"Close Enough For Love (Johnny Mandel, Paul Williams)",Sucesso (Verificado),close enough for love johnny mandel,close enough for love,100
Come Rain or Come Shine Johnny Mercer,Come Rain or Come Shine,Sucesso (Verificado),come rain or come shine johnny mercer,come rain or come shine,100
Come Fly with Me Jimmy Van Heusen,Jimmy Van Heusen & Sammy Cahn - Come Fly with Me - LC Swing Big Band feat Harlous Wilson,Sucesso (Verificado),come fly with me jimmy van heusen,jimmy van heusen sammy cahn come fly with me lc swing big band feat harlous wilson,100
Come Sunday Duke Ellington,Brian Turner - Come Sunday (Official Audio Video) -Duke Ellington,Sucesso (Verificado),come sunday duke ellington,brian turner come sunday duke ellington,100
Con Alma Dizzy Gillespie,Dizzy Gillespie - Con Alma (Verve Records 1954),Sucesso (Verificado),con alma dizzy gillespie,dizzy gillespie con alma,100
Confirmation Charlie Parker,Charlie Parker- Confirmation,Sucesso (Verificado),confirmation charlie parker,charlie parker confirmation,100
Cool Blues Charlie Parker,Cool Blues,Sucesso (Verificado),cool blues charlie parker,cool blues,100
Corcovado Antônio Carlos Jobim,Corcovado (Remastered),Sucesso (Verificado),corcovado antônio carlos jobim,corcovado,100
Countdown John Coltrane,Countdown (2020 Remaster),Sucesso (Verificado),countdown john coltrane,countdown,100
Crazeology Bennie Harris,Benny Harris - Crazeology,Sucesso (Verificado),crazeology bennie harris,benny harris crazeology,94
Cow-Cow Boogie Don Raye,Cow-Cow Boogie,Sucesso (Verificado),cowcow boogie don raye,cowcow boogie,100
Daahoud Clifford Brown,Clifford Brown & Max Roach Quintet - Daahoud,Sucesso (Verificado),daahoud clifford brown,clifford brown max roach quintet daahoud,100
Dat Mistige Rooie Beest,Dat Mistige Rooie Beest,Sucesso (Verificado),dat mistige rooie beest,dat mistige rooie beest,100
Darktown Strutters Ball Shelton Brooks,The Darktown Strutters' Ball,Sucesso (Verificado),darktown strutters ball shelton brooks,the darktown strutters ball,92
Deep Purple Peter De Rose,Deep Purple - Peter De Rose,Sucesso (Verificado),deep purple peter de rose,deep purple peter de rose,100
Darn That Dream Jimmy Van Heusen,Darn That Dream -- Jimmy Van Heusen,Sucesso (Verificado),darn that dream jimmy van heusen,darn that dream jimmy van heusen,100
Del Sasser Sam Jones,Del Sasser　Composed By Sam Jones,Sucesso (Verificado),del sasser sam jones,del sasser composed by sam jones,100
Der Pariser Tango Christian Bruhn,Der Pariser Tango,Sucesso (Verificado),der pariser tango christian bruhn,der pariser tango,100
Dinah Ethel Waters,1926 HITS ARCHIVE: Dinah - Ethel Waters,Sucesso (Verificado),dinah ethel waters,1926 hits archive dinah ethel waters,100
Detour Ahead Herb Ellis,Detour Ahead,Sucesso (Verificado),detour ahead herb ellis,detour ahead,100
Dindi Antônio Carlos Jobim,Dindi (Original),Sucesso (Verificado),dindi antônio carlos jobim,dindi,100
Do Nothing till You Hear from Me Duke Ellington,Do Nothing Till You Hear From Me,Sucesso (Verificado),do nothing till you hear from me duke ellington,do nothing till you hear from me,100
Doctor Jazz Joe “King” Oliver,"Doctor Jazz by Joe Oliver (1927, Jazz piano solo)",Sucesso (Verificado),doctor jazz joe king or,doctor jazz by joe or,92
Domino Louis Ferrari,Domino - Louis Ferrari,Sucesso (Verificado),domino louis ferrari,domino louis ferrari,100
Do You Know What It Means To Miss New Orleans Eddie DeLange,"""Do You Know What it Means to MIss New Orleans?"" Eddie DeLange and Louis Alter , 1/6/2019",Sucesso (Verificado),do you know what it means to miss new orleans eddie delange,do you know what it means to miss new orleans eddie delange and louis alter 162019,100
Dolphin Dance Herbie Hancock,Dolphin Dance (Remastered 1999/Rudy Van Gelder Edition),Sucesso (Verificado),dolphin dance herbie hancock,dolphin dance,100
Donna Lee Charlie Parker,"Charlie Parker Omnibook 60-day challenge, Day 21:  Donna Lee",Sucesso (Verificado),donna lee charlie parker,charlie parker omnibook 60day challenge day 21 donna lee,100
Don`t Be That Way Benny Goodman,Don't Be That Way (Remastered 2001),Sucesso (Verificado),dont be that way benny goodman,dont be that way,100
Don’t Get Around Much Anymore Duke Ellington,1943 HITS ARCHIVE: Don’t Get Around Much Anymore - Duke Ellington (instrumental--rec.1940) (#1 R&B),Sucesso (Verificado),dont get around much anymore duke ellington,1943 hits archive dont get around much anymore duke ellington,100
Don’t Fence Me In Cole Porter,Don't Fence Me In (Remastered),Sucesso (Verificado),dont fence me in cole porter,dont fence me in,100
Don’t Know Why Jesse Harris,Don't Know Why,Sucesso (Verificado),dont know why jesse harris,dont know why,100
"Don’t Worry, Be Happy Bobby McFerrin",Don't Worry Be Happy,Sucesso (Verificado),dont worry be happy bobby mcferrin,dont worry be happy,100
Down By The Riverside,Down By The Riverside,Sucesso (Verificado),down by the riverside,down by the riverside,100
Don’t Let The Sun Catch You Cryin’ Joe Greene,Don't Let The Sun Catch You Cryin' (Joe Greene),Sucesso (Verificado),dont let the sun catch you cryin joe greene,dont let the sun catch you cryin,100
Dream a Little Dream of Me Fabian Andre,Dream A Little Dream Of Me   Fabian Andree  1931 Tenor Sax,Sucesso (Verificado),dream a little dream of me fabian andre,dream a little dream of me fabian andree 1931 tenor sax,90
Doxy Sonny Rollins,Sonny Rollins - Doxy [1962],Sucesso (Verificado),doxy sonny rollins,sonny rollins doxy,100
Drop Me Off in Harlem Duke Ellington,Drop Me Off In Harlem,Sucesso (Verificado),drop me off in harlem duke ellington,drop me off in harlem,100
E.S.P. Wayne Shorter,E.S.P. (2022 Remaster),Sucesso (Verificado),esp wayne shorter,esp,100
Ease Away Walk Benny Golson,Ease Away Walk,Sucesso (Verificado),ease away walk benny golson,ease away walk,100
Dream Dancing Cole Porter,Dream Dancing / Cole Porter              Trio Z.,Sucesso (Verificado),dream dancing cole porter,dream dancing cole porter trio z,100
Ebb Tide Carl Sigman,Ebb Tide (2018 Stereo Mix),Sucesso (Verificado),ebb tide carl sigman,ebb tide,100
East of the Sun Brooks Bowman,"East of the Sun by Brooks Bowman - Nicki Parrott & Rossano Sportiello at Shanghai Jazz (Madison, NJ)",Sucesso (Verificado),east of the sun brooks bowman,east of the sun by brooks bowman nicki parrott rossano sportiello at shanghai jazz,100
Eine Kleine Nachtmusik Wolfgang Amadeus Mozart,Eine Kleine Nachtmusik - Mozart,Sucesso (Verificado),eine kleine nachtmusik wolfgang amadeus mozart,eine kleine nachtmusik mozart,100
Embraceable You,Embraceable You - Nat King Cole,Sucesso (Verificado),embraceable you,embraceable you nat king cole,100
Emily Johnny Mandel,Emily - Johnny Mandel (1964),Sucesso (Verificado),emily johnny mandel,emily johnny mandel,100
Elmer’s Tune Elmer Albrecht,Elmer's Tune (1941),Sucesso (Verificado),elmers tune elmer albrecht,elmers tune,100
Elizete,Fagner - Elizete (Pseudo Video),Sucesso (Verificado),elizete,fagner elizete,100
Epistrophy Thelonious Monk,Epistrophy,Sucesso (Verificado),epistrophy thelonious monk,epistrophy,100
Emmanuelle Pierre Bachelet,Emmanuelle,Sucesso (Verificado),emmanuelle pierre bachelet,emmanuelle,100
Estate Bruno Martino,Estate,Sucesso (Verificado),estate bruno martino,estate,100
Europa (Earth’s Cry Heaven’s Smile) Carlos Santana,Europa (Earth's Cry Heaven's Smile),Sucesso (Verificado),europa carlos santana,europa,100
Everything Happens to Me Matt Dennis,Everything Happens to Me (Remastered),Sucesso (Verificado),everything happens to me matt dennis,everything happens to me,100
Everybody Loves My Baby Spencer Williams,Everybody Loves My Baby (1983 Satchmo Version),Sucesso (Verificado),everybody loves my baby spencer williams,everybody loves my baby,100
Everything But You Duke Ellington,Ella Fitzgerald - Everything But You  {The Duke Ellington Song Book},Sucesso (Verificado),everything but you duke ellington,ella fitzgerald everything but you the duke ellington song book,100
Everybody’s Song But My Own Kenny Wheeler,Everybody's Song But My Own,Sucesso (Verificado),everybodys song but my own kenny wheeler,everybodys song but my own,100
Ev’ry Time We Say Goodbye Cole Porter,Ev'ry Time We Say Goodbye,Sucesso (Verificado),evry time we say goodbye cole porter,evry time we say goodbye,100
Exactly Like You Jimmy McHugh,Exactly Like You - Jimmy McHugh,Sucesso (Verificado),exactly like you jimmy mchugh,exactly like you jimmy mchugh,100
Fascinating Rhythm George Gershwin,George Gershwin : Fascinating Rhythm (1924),Sucesso (Verificado),fascinating rhythm george gershwin,george gershwin fascinating rhythm,100
Feeling Good Anthony Newley,Feeling Good,Sucesso (Verificado),feeling good anthony newley,feeling good,100
Feelings Morris Albert,Feelings - Morris Albert,Sucesso (Verificado),feelings morris albert,feelings morris albert,100
Faithful Hussar,The Faithful Hussar,Sucesso (Verificado),faithful hussar,the faithful hussar,100
Fee-Fi-Fo-Fum Wayne Shorter,Fee-Fi-Fo-Fum (Remastered1998/Rudy Van Gelder Edition),Sucesso (Verificado),feefifofum wayne shorter,feefifofum,100
Flamingo Ted Grouya,Flamingo.by Ted Grouya,Sucesso (Verificado),flamingo ted grouya,flamingoby ted grouya,95
Fly Me To The Moon Bart Howard,Fly Me To The Moon (2008 Remastered),Sucesso (Verificado),fly me to the moon bart howard,fly me to the moon,100
Fools Rush In Johnny Mercer,Fools rush in,Sucesso (Verificado),fools rush in johnny mercer,fools rush in,100
My Foolish Heart,Bill Evans Trio - My Foolish Heart (Official Visualizer),Sucesso (Verificado),my foolish heart,bill evans trio my foolish heart,100
Фиксики,"Фиксики - 10 Фиксипелок (Барабан, Часики, Кто такие фиксики, Винтик...) Сборник - детские песенки",Sucesso (Verificado),фиксики,фиксики 10 фиксипелок сборник детские песенки,100
Five Brothers,Five Brothers,Sucesso (Verificado),five brothers,five brothers,100
Footprints Wayne Shorter,Footprints (Remastered),Sucesso (Verificado),footprints wayne shorter,footprints,100
For All We Know J. Fred Coots,For All We Know - Sam Lewis & Fred Coots,Sucesso (Verificado),for all we know j fred coots,for all we know sam lewis fred coots,96
For Heaven’s Sake Elise Bretton,"For Heaven's Sake (by Sherman Edwards, Elise Bretton and Don Meyer)",Sucesso (Verificado),for heavens sake elise bretton,for heavens sake,100
Four Brothers Jimmy Giuffre,Four Brothers,Sucesso (Verificado),four brothers jimmy giuffre,four brothers,100
Freight Trane Tommy Flanagan,Freight Trane (feat. Kenny Burrell),Sucesso (Verificado),freight trane tommy flanagan,freight trane,100
Freddie Freeloader Miles Davis,Miles Davis - Freddie Freeloader (Official Audio),Sucesso (Verificado),freddie freeloader miles davis,miles davis freddie freeloader,100
Four Miles Davis,Four,Sucesso (Verificado),four miles davis,four,100
"Gee Baby, Ain`t I Good To You Don Redman","Gee Baby, Ain't I Good To You (Remastered 1999/Rudy Van Gelder Edition)",Sucesso (Verificado),gee baby aint i good to you don redman,gee baby aint i good to you,100
Georgia On My Mind (traditional) Hoagy Carmichael,7 Georgia on My Mind - Hoagy Carmichael,Sucesso (Verificado),georgia on my mind hoagy carmichael,7 georgia on my mind hoagy carmichael,100
Get Out of Town Cole Porter,Get out of town - Giuseppe Delre sings Cole Porter,Sucesso (Verificado),get out of town cole porter,get out of town giuseppe delre sings cole porter,100
Georgia On My Mind Hoagy Carmichael,Georgia On My Mind,Sucesso (Verificado),georgia on my mind hoagy carmichael,georgia on my mind,100
Getting Some Fun Out Of Life E. Leslie,Getting Some Fun Out of Life,Sucesso (Verificado),getting some fun out of life e leslie,getting some fun out of life,100
Giant Steps John Coltrane,John Coltrane - Giant Steps (2020 Remaster) [Official Audio],Sucesso (Verificado),giant steps john coltrane,john coltrane giant steps,100
Go Down Moses,"Go Down, Moses",Sucesso (Verificado),go down moses,go down moses,100
Give Me The Simple Life Rube Bloom,Give me the Simple Life,Sucesso (Verificado),give me the simple life rube bloom,give me the simple life,100
Forest Flower Charles Lloyd,"Charles Lloyd Quartet at Monterey Jazz Festival - Forest Flower, Sunrise-Sunset",Sucesso (Verificado),forest flower charles lloyd,charles lloyd quartet at monterey jazz festival forest flower sunrisesunset,100
God Bless the Child Billie Holiday,Billie Holiday - God Bless The Child (Audio),Sucesso (Verificado),god bless the child billie holiday,billie holiday god bless the child,100
Golden Earrings Victor Young,Golden Earrings (Remastered),Sucesso (Verificado),golden earrings victor young,golden earrings,100
Gone with the Wind Allie Wrubel,"Gone With The Wind (music Allie Wrubel, lyrics Herb Magidson)",Sucesso (Verificado),gone with the wind allie wrubel,gone with the wind,100
Good Bait Tadd Dameron,Tadd Dameron Sextet at Royal Roost - Good Bait (1st version),Sucesso (Verificado),good bait tadd dameron,tadd dameron sextet at royal roost good bait,100
Goodbye Gordon Jenkins,Gordon Jenkins with chorus - Goodbye,Sucesso (Verificado),goodbye gordon jenkins,gordon jenkins with chorus goodbye,100
Goody Goody Matty Malneck,Goody Goody by Matt Malneck,Sucesso (Verificado),goody goody matty malneck,goody goody by matt malneck,90
Groove Juice Special Slim Gaillard,Groove Juice Special,Sucesso (Verificado),groove juice special slim gaillard,groove juice special,100
Groovin’ High Dizzy Gillespie,Groovin' High,Sucesso (Verificado),groovin high dizzy gillespie,groovin high,100
Hackensack Thelonious Monk,Thelonious Monk - Hackensack HQ,Sucesso (Verificado),hackensack thelonious monk,thelonious monk hackensack,100
Half Nelson Miles Davis,Miles Davis - Half Nelson,Sucesso (Verificado),half nelson miles davis,miles davis half nelson,100
Hallelujah,Leonard Cohen - Hallelujah (Official Audio),Sucesso (Verificado),hallelujah,leonard cohen hallelujah,100
Have You Met Miss Jones? Richard Rodgers,"Have you met miss Jones - Richard Rodgers (F key, Swing)",Sucesso (Verificado),have you met miss jones richard rodgers,have you met miss jones richard rodgers,100
Have Yourself a Merry Little Christmas Hugh Martin,"Hugh Martin, Have Yourself a Merry Little Christmas",Sucesso (Verificado),have yourself a merry little christmas hugh martin,hugh martin have yourself a merry little christmas,100
"Hello, Dolly Jerry Herman","Hello, Dolly!",Sucesso (Verificado),hello dolly jerry herman,hello dolly,100
Hey Jude John Lennon,Hey Jude (Remastered 2015),Sucesso (Verificado),hey jude john lennon,hey jude,100
Historia de un Amor Carlos Eleta Almarán,Historia de un Amor,Sucesso (Verificado),historia de un amor carlos eleta almarán,historia de un amor,100
Hit That Jive Jack,"Hit That Jive, Jack (Remastered)",Sucesso (Verificado),hit that jive jack,hit that jive jack,100
Hindustan,Hindustan Hindustan (Border),Sucesso (Verificado),hindustan,hindustan hindustan,100
Honeysuckle Rose Fats Waller,1935 HITS ARCHIVE: Honeysuckle Rose - Fats Waller,Sucesso (Verificado),honeysuckle rose fats waller,1935 hits archive honeysuckle rose fats waller,100
How About You ? Burton Lane,How about you?,Sucesso (Verificado),how about you burton lane,how about you,100
How Deep Is the Ocean? Irving Berlin,How Deep Is the Ocean,Sucesso (Verificado),how deep is the ocean irving berlin,how deep is the ocean,100
How High The Moon,Chet Baker - How High The Moon (Mono/Remastered 2023) (Official Audio),Sucesso (Verificado),how high the moon,chet baker how high the moon,100
How Insensitive Antônio Carlos Jobim,How Insensitive (Insensatez),Sucesso (Verificado),how insensitive antônio carlos jobim,how insensitive,100
How Little We Know Hoagy Carmichael,"""How Little We Know"" - Hoagy Carmichael & Orchestra (1944 ARA)",Sucesso (Verificado),how little we know hoagy carmichael,how little we know hoagy carmichael orchestra,100
How Long Has This Been Going On? George Gershwin,06.- How Long Has This Been Going On? - George Gershwin - The Very Best Of,Sucesso (Verificado),how long has this been going on george gershwin,06 how long has this been going on george gershwin the very best of,100
I Almost Lost My Mind Ivory Joe Hunter,1950 Ivory Joe Hunter - I Almost Lost My Mind (#1 R&B hit),Sucesso (Verificado),i almost lost my mind ivory joe hunter,1950 ivory joe hunter i almost lost my mind,100
I Can’t Believe That You’re In Love With Me Jimmy McHugh,I Can't Believe That You're in Love With Me (McHugh),Sucesso (Verificado),i cant believe that youre in love with me jimmy mchugh,i cant believe that youre in love with me,100
I Can`t Get Started Vernon Duke,I Can't Get Started,Sucesso (Verificado),i cant get started vernon duke,i cant get started,100
I Can`t Give You Anything But Love Jimmy McHugh,"I Can't Give You Anything but Love, Baby",Sucesso (Verificado),i cant give you anything but love jimmy mchugh,i cant give you anything but love baby,93
I Didn’t Know About You Duke Ellington,I Didn't Know About You (Take Four),Sucesso (Verificado),i didnt know about you duke ellington,i didnt know about you,100
I Could Write a Book Lorenz Hart,I Could Write a Book,Sucesso (Verificado),i could write a book lorenz hart,i could write a book,100
I Concentrate on You Cole Porter,I Concentrate On You,Sucesso (Verificado),i concentrate on you cole porter,i concentrate on you,100
I Get a Kick Out of You Cole Porter,I Get a Kick out of You,Sucesso (Verificado),i get a kick out of you cole porter,i get a kick out of you,100
I Get Along Without You Very Well Hoagy Carmichael,"I Get Along Without You Very Well, Hoagy Carmichael",Sucesso (Verificado),i get along without you very well hoagy carmichael,i get along without you very well hoagy carmichael,100
I Got Rhythm George Gershwin,I Got Rhythm (1930) - George Gershwin,Sucesso (Verificado),i got rhythm george gershwin,i got rhythm george gershwin,100
I Know That You Know Vincent Youmans,I Know That You Know - Vincent Youmans & Anne Caldwell [1926 piano / voice sheet music arrangement],Sucesso (Verificado),i know that you know vincent youmans,i know that you know vincent youmans anne caldwell,100
I Got it Bad and That Ain’t Good Duke Ellington,Duke Ellington - I Got It Bad (And That Ain't Good),Sucesso (Verificado),i got it bad and that aint good duke ellington,duke ellington i got it bad,100
I Guess I’ll Hang My Tears Out to Dry Sammy Cahn,Guess I'll Hang My Tears Out To Dry (1958 Mono Mix),Sucesso (Verificado),i guess ill hang my tears out to dry sammy cahn,guess ill hang my tears out to dry,100
I Let a Song Go Out of My Heart Duke Ellington,1938 HITS ARCHIVE: I Let A Song Go Out Of My Heart - Duke Ellington,Sucesso (Verificado),i let a song go out of my heart duke ellington,1938 hits archive i let a song go out of my heart duke ellington,100
I Love You Cole Porter,Do I Love You? (Remastered),Sucesso (Verificado),i love you cole porter,do i love you,87
I Love Paris Cole Porter,I Love Paris,Sucesso (Verificado),i love paris cole porter,i love paris,100
I left my heart in San Francisko George Cory,I left my Heart in San Francisco - George Cory 1953,Sucesso (Verificado),i left my heart in san francisko george cory,i left my heart in san francisco george cory 1953,92
I Only Have Eyes for You Harry Warren,I Only Have Eyes for You,Sucesso (Verificado),i only have eyes for you harry warren,i only have eyes for you,100
I Remember Clifford Benny Golson,I Remember Clifford,Sucesso (Verificado),i remember clifford benny golson,i remember clifford,100
I Thought About You Jimmy Van Heusen,"I Thought About You [lead sheet] – Jimmy Van Heusen, Johnny Mercer",Sucesso (Verificado),i thought about you jimmy van heusen,i thought about you jimmy van heusen johnny mercer,100
I Mean You Thelonius Monk,Thelonious Monk - I Mean You (Audio Only),Sucesso (Verificado),i mean you thelonius monk,thelonious monk i mean you,98
I Want A Roof Over My Head,Helen Humes - I Want A Roof Over My Head (Official Audio),Sucesso (Verificado),i want a roof over my head,helen humes i want a roof over my head,100
I Won’t Dance,I Won't Dance,Sucesso (Verificado),i wont dance,i wont dance,100
If I Love Again Ben Oakland,If I Love Again,Sucesso (Verificado),if i love again ben oakland,if i love again,100
If I Had You Jimmy Campbell,If I Had You (Jimmy Campbell and Reg Connelly),Sucesso (Verificado),if i had you jimmy campbell,if i had you,100
If I Were a Bell Frank Loesser,If I Were a Bell,Sucesso (Verificado),if i were a bell frank loesser,if i were a bell,100
If I Should Lose You Ralph Rainger,If I Should lose you,Sucesso (Verificado),if i should lose you ralph rainger,if i should lose you,100
I’ll Keep On Loving You F. Tillman,I'll Keep On Loving You~Floyd Tillman,Sucesso (Verificado),ill keep on loving you f tillman,ill keep on loving youfloyd tillman,90
I’ll Close My Eyes Billy Reid,Mildred Bailey - I’ll Close My Eyes,Sucesso (Verificado),ill close my eyes billy reid,mildred bailey ill close my eyes,87
I’ll Be Seeing You Sammy Fain,"I'll Be Seeing You. Music by Sammy Fain, Lyrics by Irving Kahal",Sucesso (Verificado),ill be seeing you sammy fain,ill be seeing you music by sammy fain s by irving kahal,100
I’m a Fool to Want You Frank Sinatra,I'm a Fool to Want You (Remastered),Sucesso (Verificado),im a fool to want you frank sinatra,im a fool to want you,100
I’m An Errand Boy For Rhythm Nat King Cole,I'm an Errand Boy for Rhythm,Sucesso (Verificado),im an errand boy for rhythm nat king cole,im an errand boy for rhythm,100
I’m An Old Cowhand Johnny Mercer,I'm an Old Cowhand (Johnny Mercer),Sucesso (Verificado),im an old cowhand johnny mercer,im an old cowhand,100
I’m Beginning To See The Light Duke Ellington,I'm Beginning to See the Light (Remastered),Sucesso (Verificado),im beginning to see the light duke ellington,im beginning to see the light,100
I’m Getting Sentimental Over You George Bassman,I'm Getting Sentimental Over You - George Bassman (1932),Sucesso (Verificado),im getting sentimental over you george bassman,im getting sentimental over you george bassman,100
I’m Crazy ‘Bout My Baby A. Hill,I'm Crazy Bout My Baby,Sucesso (Verificado),im crazy bout my baby a hill,im crazy bout my baby,100
I’m In The Mood For Love Jimmy McHugh,I'm In The Mood For Love - Jimmy McHugh (1935),Sucesso (Verificado),im in the mood for love jimmy mchugh,im in the mood for love jimmy mchugh,100
I`m Gonna Sit Right Down Fred E. Ahlert,I`m Gonna Sit Right  Down And   Write Myself A LetterMusic by Fred E. Ahlert,Sucesso (Verificado),im gonna sit right down fred e ahlert,im gonna sit right down and write myself a lettermusic by fred e ahlert,100
I’m Just A Lucky So And So Duke Ellington,I'm Just A Lucky So And So - Louis Armstrong & Duke Ellington,Sucesso (Verificado),im just a lucky so and so duke ellington,im just a lucky so and so louis armstrong duke ellington,100
I’m Putting All My Eggs In One Basket Irving Berlin,I'm Putting All My Eggs in One Basket,Sucesso (Verificado),im putting all my eggs in one basket irving berlin,im putting all my eggs in one basket,100
Impressions John Coltrane,John Coltrane - Impressions (Audio),Sucesso (Verificado),impressions john coltrane,john coltrane impressions,100
In a Sentimental Mood Duke Ellington,In A Sentimental Mood,Sucesso (Verificado),in a sentimental mood duke ellington,in a sentimental mood,100
In the mood Wingy Manone,TAR PAPER STOMP by WINGY MANONE IN THE MOOD ON 193GENNETT,Sucesso (Verificado),in the mood wingy manone,tar paper stomp by wingy manone in the mood on 193gennett,100
Indiana James F. Hanley,Introduction to Indiana by James F. Hanley with Tim Richards,Sucesso (Verificado),indiana james f hanley,introduction to indiana by james f hanley with tim richards,100
Infant Eyes Wayne Shorter,Infant Eyes (Remastered1998/Rudy Van Gelder Edition),Sucesso (Verificado),infant eyes wayne shorter,infant eyes,100
Interplay Bill Evans,Bill Evans Quintet - Interplay (Official Visualizer),Sucesso (Verificado),interplay bill evans,bill evans quintet interplay,100
Isn’t She Lovely Stevie Wonder,Isn't She Lovely,Sucesso (Verificado),isnt she lovely stevie wonder,isnt she lovely,100
It Could Happen to You Jimmy Van Heusen,It could happen to you - Jimmy Van Heusen,Sucesso (Verificado),it could happen to you jimmy van heusen,it could happen to you jimmy van heusen,100
It don`t mean a thing Duke Ellington,"1932 HITS ARCHIVE: It Don’t Mean A Thing (If It Ain’t Got That Swing) - Duke Ellington (Ivie A, voc)",Sucesso (Verificado),it dont mean a thing duke ellington,1932 hits archive it dont mean a thing duke ellington,100
It Had Better Be Tonight (Meglio stasera) Henry Mancini,It Had Better Be Tonight (Meglio Stasera),Sucesso (Verificado),it had better be tonight henry mancini,it had better be tonight,100
It’s All Your Fault Cindy Walker,It’s All Your Fault,Sucesso (Verificado),its all your fault cindy walker,its all your fault,100
It had to be you Isham Jones,It Had to Be You,Sucesso (Verificado),it had to be you isham jones,it had to be you,100
It’s Impossible Armando Manzanero,It's Impossible,Sucesso (Verificado),its impossible armando manzanero,its impossible,100
It’s Only A Paper Moon Harold Arlen,Harold Arlen - It’s Only a Paper Moon,Sucesso (Verificado),its only a paper moon harold arlen,harold arlen its only a paper moon,100
I’ve Got A Feeling I’m Falling Fats Waller,I've Got a Feeling a I'm Falling,Sucesso (Verificado),ive got a feeling im falling fats waller,ive got a feeling a im falling,100
I’ve Got The World On A String Harold Arlen,Harold Arlen - I’ve Got the World On a String,Sucesso (Verificado),ive got the world on a string harold arlen,harold arlen ive got the world on a string,100
I`ve found a new baby Jack Palmer,I've Found A New Baby (Remastered 2008 / Rudy Van Gelder Edition),Sucesso (Verificado),ive found a new baby jack palmer,ive found a new baby,100
I`ve got you under my skin Cole Porter,Frank Sinatra - I've Got You Under My Skin - Cole Porter Songs,Sucesso (Verificado),ive got you under my skin cole porter,frank sinatra ive got you under my skin cole porter songs,100
Ja-da Bob Carleton,Ja-Da - Bob Carlton,Sucesso (Verificado),jada bob carleton,jada bob carlton,97
I’ve Grown Accustomed To Her Face Frederick Loewe,Frederick Loewe / Alan Lerner - I've Grown Accustomed to Her Face - BBC Radio Orchestra / Farnon,Sucesso (Verificado),ive grown accustomed to her face frederick loewe,frederick loewe alan lerner ive grown accustomed to her face bbc radio orchestra farnon,100
Jazz Me Blues Tom Delaney,E's Jammy Jams - Jazz Me Blues - Tom Delaney,Sucesso (Verificado),jazz me blues tom delaney,es jammy jams jazz me blues tom delaney,100
Jeepers Creepers Harry Warren,Jeepers Creepers (Remastered),Sucesso (Verificado),jeepers creepers harry warren,jeepers creepers,100
Jeeves & Wooster Anne Dudley,Jeeves And Wooster,Sucesso (Verificado),jeeves wooster anne dudley,jeeves and wooster,88
Jersey Bounce Tiny Bradshaw,"Tiny Bradshaw, Eddie Johnson, Bobby Plater & Buddy Feyne - Jersey Bounce - LC Swing Big Band",Sucesso (Verificado),jersey bounce tiny bradshaw,tiny bradshaw eddie johnson bobby plater buddy feyne jersey bounce lc swing big band,100
Jingle Bell Rock Joe Beal,Jingle Bell Rock (Joe Beal),Sucesso (Verificado),jingle bell rock joe beal,jingle bell rock,100
Jingle Bells James Lord Pierpont,JIngle Bells [James Lord Pierpont],Sucesso (Verificado),jingle bells james lord pierpont,jingle bells,100
Joy Spring Clifford Brown,Joy Spring,Sucesso (Verificado),joy spring clifford brown,joy spring,100
Jumpin’ With Symphony Sid Lester Young,Jumpin' With Symphony Sid (Remastered 1995),Sucesso (Verificado),jumpin with symphony sid lester young,jumpin with symphony sid,100
Just a Closer Walk with Thee,Alabama - Just A Closer Walk With Thee (Live),Sucesso (Verificado),just a closer walk with thee,alabama just a closer walk with thee,100
"Just You, Just Me Jesse Greer","Just You, Just Me - Jesse Greer (1929)",Sucesso (Verificado),just you just me jesse greer,just you just me jesse greer,100
Just The Way You Are Billy Joel,Billy Joel - Just the Way You Are (Official Audio),Sucesso (Verificado),just the way you are billy joel,billy joel just the way you are,100
Key To The Highway B. B. Broonzy,Big Bill Broonzy-Key To the Highway,Sucesso (Verificado),key to the highway b b broonzy,big bill broonzykey to the highway,87
Killer Joe Benny Golson,Killer Joe,Sucesso (Verificado),killer joe benny golson,killer joe,100
Klactoveesedstene Charlie Parker,Charlie Parker - Klactoveesedstene (Official Audio),Sucesso (Verificado),klactoveesedstene charlie parker,charlie parker klactoveesedstene,100
Killing Me Softly with His Song Charles Fox,Fugees - Killing Me Softly With His Song (HQ),Sucesso (Verificado),killing me softly with his song charles fox,fugees killing me softly with his song,90
L-O-V-E Bert Kaempfert,L.O.V.E.,Sucesso (Verificado),love bert kaempfert,love,100
La Vie En Rose Édith Piaf,Edith Piaf - La vie en rose (Audio officiel),Sucesso (Verificado),la vie en rose édith piaf,edith piaf la vie en rose,98
La Jouet Vladimir Cosma,VLADIMIR COSMA   -  LE  JOUET,Sucesso (Verificado),la jouet vladimir cosma,vladimir cosma le jouet,96
Lady Be Good George Gershwin,"George Gershwin - Oh, Lady Be Good! [1960]",Sucesso (Verificado),lady be good george gershwin,george gershwin oh lady be good,100
Lady Bird Tadd Dameron,Tadd Dameron Sextet - Lady Bird,Sucesso (Verificado),lady bird tadd dameron,tadd dameron sextet lady bird,100
Lady Bird (original version) Tadd Dameron,Tadd Dameron Sextet - Lady Bird,Sucesso (Verificado),lady bird tadd dameron,tadd dameron sextet lady bird,100
Lazy River Hoagy Carmichael,1st RECORDING OF: Lazy River - Hoagy Carmichael (1930),Sucesso (Verificado),lazy river hoagy carmichael,1st recording of lazy river hoagy carmichael,100
Let’s Call The Whole Thing Off George Gershwin,George Gershwin - Let's Call the Whole Thing Off [1937],Sucesso (Verificado),lets call the whole thing off george gershwin,george gershwin lets call the whole thing off,100
Laura David Raksin,Theme from Laura (1944) - David Raksin,Sucesso (Verificado),laura david raksin,theme from laura david raksin,100
Let’s Face The Music And Dance Irving Berlin,Let's Face the Music and Dance by Irving Berlin/arr. Michael Philip Mossman,Sucesso (Verificado),lets face the music and dance irving berlin,lets face the music and dance by irving berlinarr michael philip mossman,91
Let’s Fall In Love Harold Arlen,1933 Harold Arlen - Let’s Fall In Love,Sucesso (Verificado),lets fall in love harold arlen,1933 harold arlen lets fall in love,100
Libertango Astor Piazzolla,Astor Piazzolla - Libertango (Official Audio),Sucesso (Verificado),libertango astor piazzolla,astor piazzolla libertango,100
Li’l Darlin’ Neal Hefti,Li'l Darlin' (1994 Remaster),Sucesso (Verificado),lil darlin neal hefti,lil darlin,100
Limbo Jazz Duke Ellington,"Limbo Jazz - Duke Ellington, Coleman Hawkins",Sucesso (Verificado),limbo jazz duke ellington,limbo jazz duke ellington coleman hawkins,100
Light Blue Thelonious Monk,Light Blue (Live at Newport Jazz Festival),Sucesso (Verificado),light blue thelonious monk,light blue,100
Line For Lyons Gerry Mulligan,"Chet Baker, Gerry Mulligan - Line for Lyons",Sucesso (Verificado),line for lyons gerry mulligan,chet baker gerry mulligan line for lyons,100
Linger Awhile L. Owens,Linger Awhile,Sucesso (Verificado),linger awhile l owens,linger awhile,100
Lonely Woman Ornette Coleman,Ornette Coleman - Lonely Woman,Sucesso (Verificado),lonely woman ornette coleman,ornette coleman lonely woman,100
Little B’s Poem,Little B's Poem (Remastered 1994),Sucesso (Verificado),little bs poem,little bs poem,100
Limehouse Blues Philip Braham,Limehouse Blues (Philip Braham),Sucesso (Verificado),limehouse blues philip braham,limehouse blues,100
Lotus Blossom Billy Strayhorn,Lotus Blossom,Sucesso (Verificado),lotus blossom billy strayhorn,lotus blossom,100
Love For Sale Cole Porter,Love for Sale,Sucesso (Verificado),love for sale cole porter,love for sale,100
Lotus Blossom (Kenny Dorham) Kenny Dorham,Lotus Blossom,Sucesso (Verificado),lotus blossom kenny dorham,lotus blossom,100
Love Is Here to Stay George Gershwin,Love Is Here To Stay (Remastered 1998),Sucesso (Verificado),love is here to stay george gershwin,love is here to stay,100
Love Is Just Around the Corner Lewis E. Gensler,Lewis Gensler - Love Is Just Around The Corner (1934),Sucesso (Verificado),love is just around the corner lewis e gensler,lewis gensler love is just around the corner,100
Love Theme from The Godfather Nino Rota,"Love Theme From ""The Godfather""",Sucesso (Verificado),love theme from the godfather nino rota,love theme from the godfather,100
Love me or leave me Donaldson,Love Me or Leave Me (Donaldson/Kahn),Sucesso (Verificado),love me or leave me donaldson,love me or leave me,100
Lover Richard Rodgers,Lover (1961),Sucesso (Verificado),lover richard rodgers,lover,100
Lover Man Jimmy Davis,Lover man  Jimmy Davis Roger Ramirez Jimmy Sherman arr,Sucesso (Verificado),lover man jimmy davis,lover man jimmy davis roger ramirez jimmy sherman arr,100
Lullaby of Broadway Harry Warren,The Lullaby Of Broadway,Sucesso (Verificado),lullaby of broadway harry warren,the lullaby of broadway,90
Lulu’s Back In Town Al Dubin,"“Lulus Back In Town""  written by Al Dubin & Harry Warren / performed by Joe Vernazza",Sucesso (Verificado),lulus back in town al dubin,lulus back in town written by al dubin harry warren performed by joe vernazza,100
Lush Life Billy Strayhorn,Lush Life,Sucesso (Verificado),lush life billy strayhorn,lush life,100
Lullaby of birdland George Shearing,George Shearing - Lullaby Of Birdland,Sucesso (Verificado),lullaby of birdland george shearing,george shearing lullaby of birdland,100
Manhã de Carnaval Luiz Bonfá,Manhã de Carnaval,Sucesso (Verificado),manhã de carnaval luiz bonfá,manhã de carnaval,100
Mame Jerry Herman,MAME! (Jerry Herman),Sucesso (Verificado),mame jerry herman,mame,100
Meditation Antônio Carlos Jobim,Antonio Carlos Jobim - Meditation (Meditação),Sucesso (Verificado),meditation antônio carlos jobim,antonio carlos jobim meditation,98
Memories of you Eubie Blake,Memories of You.  Eubie Blake/Andy Razaf (1930).  Richard B,Sucesso (Verificado),memories of you eubie blake,memories of you eubie blakeandy razaf richard b,88
Midnight Sun Lionel Hampton,1947 Lionel Hampton - Midnight Sun,Sucesso (Verificado),midnight sun lionel hampton,1947 lionel hampton midnight sun,100
Minor Swing Django Reinhardt,Django Reinhardt - Minor Swing - Official,Sucesso (Verificado),minor swing django reinhardt,django reinhardt minor swing,100
Minority Gigi Gryce,Minority - Gigi Gryce,Sucesso (Verificado),minority gigi gryce,minority gigi gryce,100
Minor Mood Yusef Lateef,Yusef Lateef - Minor mood,Sucesso (Verificado),minor mood yusef lateef,yusef lateef minor mood,100
Mister Sandman Pat Ballard,mr sandman by pat ballard,Sucesso (Verificado),mister sandman pat ballard,mr sandman by pat ballard,86
Mississippi Delta Blues Jimmie Rodgers,Mississippi Delta Blues by Jimmie Rodgers (1933),Sucesso (Verificado),mississippi delta blues jimmie rodgers,mississippi delta blues by jimmie rodgers,100
Misty Roses Tim Hardin,Misty Roses,Sucesso (Verificado),misty roses tim hardin,misty roses,100
"Mercy, Mercy, Mercy J. Zawinul","Mercy, Mercy, Mercy (hq audio)",Sucesso (Verificado),mercy mercy mercy j zawinul,mercy mercy mercy,100
Misty Erroll Garner,Misty,Sucesso (Verificado),misty erroll garner,misty,100
Molten Glass Joe Farrell,Molten Glass - Joe Farrell #realbook #jazz,Sucesso (Verificado),molten glass joe farrell,molten glass joe farrell realbook jazz,100
Moon River Henry Mancini,Henry Mancini & His Orchestra - Moon River (Official Audio),Sucesso (Verificado),moon river henry mancini,henry mancini his orchestra moon river,100
Moonglow Will Hudson,Moonglow (music by Will Hudson  and Irving Mills -  words by Eddie De Lange),Sucesso (Verificado),moonglow will hudson,moonglow,100
Mood Indigo,Floyd Cramer - 06 Mood Indigo (HQ Audio),Sucesso (Verificado),mood indigo,floyd cramer 06 mood indigo,100
Moonlight Serenade Glenn Miller,Glenn Miller & His Orchestra - Moonlight Serenade (Audio),Sucesso (Verificado),moonlight serenade glenn miller,glenn miller his orchestra moonlight serenade,100
My Blue Heaven Walter Donaldson,My Blue Heaven,Sucesso (Verificado),my blue heaven walter donaldson,my blue heaven,100
Muskrat Ramble Ray Gilbert,Muskrat Ramble,Sucesso (Verificado),muskrat ramble ray gilbert,muskrat ramble,100
My Funny Valentine Richard Rodgers,"My Funny Valentine (Richard Rodgers, Lorenz Hart)",Sucesso (Verificado),my funny valentine richard rodgers,my funny valentine,100
My Little Suede Shoes Charlie Parker,"Charlie Parker - ""My Little Suede Shoes"" (C.P. Sextet - 1951)",Sucesso (Verificado),my little suede shoes charlie parker,charlie parker my little suede shoes,100
My Ideal Richard A. Whiting,"My Ideal (Richard A Whiting, Newell Chase, Leo Robin)",Sucesso (Verificado),my ideal richard a whiting,my ideal,100
My favorite things Richard Rodgers,My Favorite Things (Stereo) (2022 Remaster),Sucesso (Verificado),my favorite things richard rodgers,my favorite things,100
My One and Only Love Guy Wood,My One And Only Love,Sucesso (Verificado),my one and only love guy wood,my one and only love,100
My Melancholy Baby Ernie Burnett,"My Melancholy Baby – Ernie Burnett, George A. Norton [1912 sheet music]",Sucesso (Verificado),my melancholy baby ernie burnett,my melancholy baby ernie burnett george a norton,100
My Man’s Gone Now George Gershwin,My Man's Gone Now (Remastered),Sucesso (Verificado),my mans gone now george gershwin,my mans gone now,100
My Ship Kurt Weill,My Ship - Kurt Weill (1941),Sucesso (Verificado),my ship kurt weill,my ship kurt weill,100
My Shining Hour Harold Arlen,My Shining Hour,Sucesso (Verificado),my shining hour harold arlen,my shining hour,100
My Romance Lorenz Hart,Lorenz Hart & Richard Rodgers - My Romance 1935,Sucesso (Verificado),my romance lorenz hart,lorenz hart richard rodgers my romance 1935,100
My Way Claude François,Claude François  ** My Way,Sucesso (Verificado),my way claude françois,claude françois my way,100
My Window Faces The South A. Silver,My Window Faces the South,Sucesso (Verificado),my window faces the south a silver,my window faces the south,100
Naima John Coltrane,John Coltrane - Naima (2020 Remaster) [Official Audio],Sucesso (Verificado),naima john coltrane,john coltrane naima,100
Monk’s Dream Thelonious Monk,MONK'S DREAM Thelonious Monk Quartet Compact Disc HQ Sound Full Album,Sucesso (Verificado),monks dream thelonious monk,monks dream thelonious monk quartet compact disc sound,100
Nature Boy Eden Ahbez,Eden Ahbez - Nature Boy,Sucesso (Verificado),nature boy eden ahbez,eden ahbez nature boy,100
Namely You Gene DePaul,Namely You (Remastered),Sucesso (Verificado),namely you gene depaul,namely you,100
Nefertiti Wayne Shorter,Nefertiti (2023 Remaster),Sucesso (Verificado),nefertiti wayne shorter,nefertiti,100
Nearness,Laura Story - Nearness (Official Audio),Sucesso (Verificado),nearness,laura story nearness,100
Nice Work If You Can Get It George Gershwin,George Gershwin - Nice Work If You Can Get It [1937],Sucesso (Verificado),nice work if you can get it george gershwin,george gershwin nice work if you can get it,100
Nica’s Dream Horace Silver,Nica's Dream (Remastered 2005),Sucesso (Verificado),nicas dream horace silver,nicas dream,100
Night and day Cole Porter,Night And Day - Cole Porter,Sucesso (Verificado),night and day cole porter,night and day cole porter,100
No Moon at All David Mann,No Moon At All,Sucesso (Verificado),no moon at all david mann,no moon at all,100
Nothing’s Gonna Change My Love for You Michael Masser,Nothing's Gonna Change My Love for You,Sucesso (Verificado),nothings gonna change my love for you michael masser,nothings gonna change my love for you,100
Now’s the Time Charlie Parker,Charlie Parker - Now's The Time,Sucesso (Verificado),nows the time charlie parker,charlie parker nows the time,100
Oblivion Ástor Piazzolla,Astor Piazzolla - Oblivion,Sucesso (Verificado),oblivion ástor piazzolla,astor piazzolla oblivion,98
O Grande Amor Antonio Carlos Jobim,O Grande Amor,Sucesso (Verificado),o grande amor antonio carlos jobim,o grande amor,100
Nuages Django Reinhardt,Django Reinhardt et Stéphane Grappelli - Nuages (Audio officiel),Sucesso (Verificado),nuages django reinhardt,django reinhardt et stéphane grappelli nuages,100
Ode To A Flugelhorn Clark Terry,Clark Terry and Bob Brookmeyer - Ode To A Flugelhorn - 1965,Sucesso (Verificado),ode to a flugelhorn clark terry,clark terry and bob brookmeyer ode to a flugelhorn 1965,100
Old Devil Moon Burton Lane,Old Devil Moon by Burton Lane,Sucesso (Verificado),old devil moon burton lane,old devil moon by burton lane,100
Nobody Else but Me Jerome Kern,"Jerome Kern: All the Things You Are / Nobody Else But Me / Song is You / Showboat Act I, Scene...",Sucesso (Verificado),nobody else but me jerome kern,jerome kern all the things you are nobody else but me song is you showboat act i scene,100
Old Fashioned Love James P. Johnson,Old Fashioned Love,Sucesso (Verificado),old fashioned love james p johnson,old fashioned love,100
Oleo Sonny Rollins,Oleo by Sonny Rollins from 'The Complete Prestige Recordings' Disc 3,Sucesso (Verificado),oleo sonny rollins,oleo by sonny rollins from the complete prestige recordings disc 3,100
Old Folks Willard Robison,Willard Robison - Old Folks | WDR BIG BAND,Sucesso (Verificado),old folks willard robison,willard robison old folks wdr big band,100
On a Slow Boat to China Frank Loesser,On A Slow Boat to China (Frank Loesser),Sucesso (Verificado),on a slow boat to china frank loesser,on a slow boat to china,100
On the Street Where You Live Frederick Loewe,‘On The Street Where You Live’ from My Fair Lady | Frederick Loewe [Piano Backing Track],Sucesso (Verificado),on the street where you frederick loewe,on the street where you from my fair lady frederick loewe,100
On Green Dolphin Street Bronisław Kaper,Green Dolphin Street,Sucesso (Verificado),on green dolphin street bronisław kaper,green dolphin street,100
Once I Loved (O Amor Em Paz) Antônio Carlos Jobim,Once I Loved (O Amor en Paz),Sucesso (Verificado),once i loved antônio carlos jobim,once i loved,100
Once in a While Michael Edwards,Once In a While,Sucesso (Verificado),once in a while michael edwards,once in a while,100
On The Sunny Side Of The Street Jimmy McHugh,On the Sunny Side of the Street - Jimmy McHugh/arr. Peter Kleine Schaars,Sucesso (Verificado),on the sunny side of the street jimmy mchugh,on the sunny side of the street jimmy mchugharr peter kleine schaars,90
One Note Samba Antônio Carlos Jobim,One Note Samba,Sucesso (Verificado),one note samba antônio carlos jobim,one note samba,100
On The Atchison Topeka And The Santa Fe Harry Warren,"On The Atchison, Topeka and The Santa Fe",Sucesso (Verificado),on the atchison topeka and the santa fe harry warren,on the atchison topeka and the santa fe,100
Opus One Sy Oliver,Sy Oliver: Opus One,Sucesso (Verificado),opus one sy or,sy or opus one,100
Over The Rainbow Harold Arlen,Over the Rainbow - Harold Arlen. STEREO VERSION.,Sucesso (Verificado),over the rainbow harold arlen,over the rainbow harold arlen stereo version,100
Out Of Nowhere Johnny Green,Out Of Nowhere - Johnny Green - Piano,Sucesso (Verificado),out of nowhere johnny green,out of nowhere johnny green piano,100
Only Trust Your Heart Benny Carter,ONLY TRUST YOUR HEART BENNY CARTER,Sucesso (Verificado),only trust your heart benny carter,only trust your heart benny carter,100
Palm Springs Jump Slim Gaillard,Palm Springs Jump,Sucesso (Verificado),palm springs jump slim gaillard,palm springs jump,100
Park Avenue Petite Benny Golson,Park Avenue Petite - Art Farmer Benny Golson The Jazztet,Sucesso (Verificado),park avenue petite benny golson,park avenue petite art farmer benny golson the jazztet,100
Parisian Thoroughfare Earl “Bud” Powell,Parisian Thoroughfare (Remastered 1994),Sucesso (Verificado),parisian thoroughfare earl bud powell,parisian thoroughfare,100
"Paroles, paroles Gianni Ferrio",parole - Gianni Ferrio,Sucesso (Verificado),paroles paroles gianni ferrio,parole gianni ferrio,98
Passion Flower Billy Strayhorn,Passion Flower,Sucesso (Verificado),passion flower billy strayhorn,passion flower,100
Pennies from Heaven Arthur Johnston,Pennies From Heaven (Johnny Burke & Arthur Johnston),Sucesso (Verificado),pennies from heaven arthur johnston,pennies from heaven,100
Pee Wee Tony Williams,Pee Wee,Sucesso (Verificado),pee wee tony williams,pee wee,100
Peace Horace Silver,"Horace Silver - Peace (1959) - Adam Birnbaum piano, David Wong bass, Rodney Green drums - jazz",Sucesso (Verificado),peace horace silver,horace silver peace adam birnbaum piano david wong bass rodney green drums jazz,100
Perdido Juan Tizol,Perdido - Juan Tizol arr. Dallas C. Burke,Sucesso (Verificado),perdido juan tizol,perdido juan tizol arr dallas c burke,100
Perfidia – (Вернись),Николай Щукин Вернись  Perfidia in Russian,Sucesso (Verificado),perfidia,николай щукин вернись perfidia in russian,100
Pensativa Clare Fischer,Pensativa (Rudy Van Gelder Edition / 2004 Remaster),Sucesso (Verificado),pensativa clare fischer,pensativa,100
Petit Fleur Sidney Bechet,Sidney Bechet - Petite fleur,Sucesso (Verificado),petit fleur sidney bechet,sidney bechet petite fleur,98
Please Don’t Talk About Me When I’m Gone Sam H.Stept & Bee Palmer,Please Don't Talk About Me When I'm Gone,Sucesso (Verificado),please dont talk about me when im gone sam hstept bee palmer,please dont talk about me when im gone,100
Por una Cabeza Carlos Gardel,Carlos Gardel - Por Una Cabeza (Audio),Sucesso (Verificado),por una cabeza carlos gardel,carlos gardel por una cabeza,100
Polka Dots and Moonbeams Jimmy Van Heusen,"""Polka Dots and Moonbeams"" Glenn Miller & His Orchestra, Johnny Burke & Jimmy Van Heusen song LYRICS",Sucesso (Verificado),polka dots and moonbeams jimmy van heusen,polka dots and moonbeams glenn miller his orchestra johnny burke jimmy van heusen song s,100
Prelude in E Minor Frédéric Chopin,Chopin - Prelude in E Minor op 28 no 4,Sucesso (Verificado),prelude in e minor frédéric chopin,chopin prelude in e minor op 28 no 4,88
Poinciana Nat Simon,"Poinciana, by Buddy Bernier, music by Nat Simon / arr. Mike Dana - Score & Sound",Sucesso (Verificado),poinciana nat simon,poinciana by buddy bernier music by nat simon arr mike dana score sound,100
Pretty Woman Roy Orbison,"Roy Orbison - Oh, Pretty Woman (Audio)",Sucesso (Verificado),pretty woman roy orbison,roy orbison oh pretty woman,100
Prelude to a Kiss Duke Ellington,Prelude to a Kiss,Sucesso (Verificado),prelude to a kiss duke ellington,prelude to a kiss,100
Put on a Happy Face Charles Strouse,"Put on a Happy Face (From ""Bye Bye Birdie"")",Sucesso (Verificado),put on a happy face charles strouse,put on a happy face,100
Puttin on the Ritz Irving Berlin,Puttin' On The Ritz,Sucesso (Verificado),puttin on the ritz irving berlin,puttin on the ritz,100
"Quando, Quando, Quando Tony Renis","Quando, Quando, Quando (2004 Remaster)",Sucesso (Verificado),quando quando quando tony renis,quando quando quando,100
Prisoner Of Love Russ Columbo,1931 HITS ARCHIVE: Prisoner Of Love - Russ Columbo,Sucesso (Verificado),prisoner of love russ columbo,1931 hits archive prisoner of love russ columbo,100
Quasimodo Charlie Parker,Charlie Parker - Quasimodo,Sucesso (Verificado),quasimodo charlie parker,charlie parker quasimodo,100
Portrait of Jennie J. Russel Robinson,"""Portrait Of Jennie"" by J. Russell Robinson",Sucesso (Verificado),portrait of jennie j russel robinson,portrait of jennie by j russell robinson,95
Rag Mop Johnnie Lee Wills,1st RECORDING OF: Rag Mop - Johnnie Lee Wills (1949),Sucesso (Verificado),rag mop johnnie lee wills,1st recording of rag mop johnnie lee wills,100
Ray’s Idea,Ray’s Idea,Sucesso (Verificado),rays idea,rays idea,100
Reflections Thelonious Monk,Reflections - Thelonious Monk,Sucesso (Verificado),reflections thelonious monk,reflections thelonious monk,100
Red Roses for a Blue Lady Sid Tepper,Red Roses For A Blue Lady - Sid Tepper (1948),Sucesso (Verificado),red roses for a blue lady sid tepper,red roses for a blue lady sid tepper,100
Recado Bossa Nova (The Gift) Djalma Ferreira,Recado Bossa Nova - The Gift -  Djalma Ferreira - 1959,Sucesso (Verificado),recado bossa nova djalma ferreira,recado bossa nova the gift djalma ferreira 1959,100
Rose Room Art Hickman,1919 Art Hickman - Rose Room,Sucesso (Verificado),rose room art hickman,1919 art hickman rose room,100
Robbin’s Nest Illinois Jacques,Robbin's Nest,Sucesso (Verificado),robbins nest illinois jacques,robbins nest,100
Route 66 Bobby Troup,[Get Your Kicks on] Route 66,Sucesso (Verificado),route 66 bobby troup,route 66,100
Royal garden blues Clarence Williams,Royal Garden Blues (Clarence Williams & Spencer Williams),Sucesso (Verificado),royal garden blues clarence williams,royal garden blues,100
Rosetta Earl Hines,Rosetta,Sucesso (Verificado),rosetta earl hines,rosetta,100
Russian Lullaby Irving Berlin,Russian Lullaby,Sucesso (Verificado),russian lullaby irving berlin,russian lullaby,100
"Ruby, My Dear Thelonious Monk","Thelonious Monk Quartet - Ruby, My Dear",Sucesso (Verificado),ruby my dear thelonious monk,thelonious monk quartet ruby my dear,100
Round Midnight Thelonius Monk,Thelonious Monk - 'round Midnight,Sucesso (Verificado),round midnight thelonius monk,thelonious monk round midnight,98
Samba do Avião Antônio Carlos Jobim,Samba Do Avião,Sucesso (Verificado),samba do avião antônio carlos jobim,samba do avião,100
Samba De Orfeu Luiz Bonfá,Samba de Orfeu,Sucesso (Verificado),samba de orfeu luiz bonfá,samba de orfeu,100
Scrapple from the Apple Charlie Parker,Charlie Parker - Scrapple from the apple,Sucesso (Verificado),scrapple from the apple charlie parker,charlie parker scrapple from the apple,100
Satin Doll Duke Ellington,Duke Ellington - Satin Doll (1962)  [official video],Sucesso (Verificado),satin doll duke ellington,duke ellington satin doll,100
Sentimental Journey Les Brown,"1945 HITS ARCHIVE: Sentimental Journey - Les Brown (Doris Day, vocal) (the original #1 version)",Sucesso (Verificado),sentimental journey les brown,1945 hits archive sentimental journey les brown,100
Scotch and Soda Dave Guard,Scotch and Soda,Sucesso (Verificado),scotch and soda dave guard,scotch and soda,100
Sent For You Yesterday William ‘Count’ Basie,Count Basie - Sent For You Yesterday (16.02.1938),Sucesso (Verificado),sent for you yesterday william count basie,count basie sent for you yesterday,100
Shape of my heart Sting Gordon Sumner,Sting - Shape of My Heart (Official Music Video),Sucesso (Verificado),shape of my heart sting gordon sumner,sting shape of my heart,100
Shine Ford Dabney,Shine,Sucesso (Verificado),shine ford dabney,shine,100
September Song Kurt Weill,Kurt Weill: September Song,Sucesso (Verificado),september song kurt weill,kurt weill september song,100
Shoo Shoo Baby Phil Moore,Shoo Shoo Baby,Sucesso (Verificado),shoo shoo baby phil moore,shoo shoo baby,100
Sister Sadie Horace Silver,Horace Silver Quintet - Sister Sadie,Sucesso (Verificado),sister sadie horace silver,horace silver quintet sister sadie,100
Smok Gets In Your Eyes Otto Harbach,"Otto Harbach, Martha Wright--Smoke Gets In Your Eyes, 1960 TV",Sucesso (Verificado),smok gets in your eyes otto harbach,otto harbach martha wrightsmoke gets in your eyes 1960 tv,92
Skylark Johnny Mercer,Skylark - Johnny Mercer & Hoagy Carmichael,Sucesso (Verificado),skylark johnny mercer,skylark johnny mercer hoagy carmichael,100
"Softly, as in a Morning Sunrise Sigmund Romberg",Softly as in a morning sunrise,Sucesso (Verificado),softly as in a morning sunrise sigmund romberg,softly as in a morning sunrise,100
Smoke on the Water Ritchie Blackmore,Smoke On The Water (2024 Remastered),Sucesso (Verificado),smoke on the water ritchie blackmore,smoke on the water,100
Sleepy Time Down South Clarence Muse,Sleepy Time Down South (High Resolution Version),Sucesso (Verificado),sleepy time down south clarence muse,sleepy time down south,100
Somebody Stole My Gal Leo Wood,Isto - Somebody Stole My Gal (Leo Wood),Sucesso (Verificado),somebody stole my gal leo wood,isto somebody stole my gal,89
Solid Sonny Rollins,Sonny Rollins - Solid (Official Visualizer),Sucesso (Verificado),solid sonny rollins,sonny rollins solid,100
Someday (You’ll Want Me to Want You) Jimmy Hodges,"Someday (You'll Want Me to Want You), Jimmy Hodges, 1944",Sucesso (Verificado),someday jimmy hodges,someday jimmy hodges 1944,100
Sometime Ago Sergio Mihanovitch,Sometime Ago,Sucesso (Verificado),sometime ago sergio mihanovitch,sometime ago,100
Sophisticated Lady Duke Ellington,Duke Ellington - Sophisticated Lady,Sucesso (Verificado),sophisticated lady duke ellington,duke ellington sophisticated lady,100
Soul Bossa Nova Quincy Jones,Soul Bossa Nova,Sucesso (Verificado),soul bossa nova quincy jones,soul bossa nova,100
Someday My Prince Will Come Frank Churchill,Someday My Prince Will Come (feat. Frank Churchill & Larry Morey),Sucesso (Verificado),someday my prince will come frank churchill,someday my prince will come,100
Spain Chick Corea,Spain,Sucesso (Verificado),spain chick corea,spain,100
Speak Low Kurt Weill,"""Speak Low"" written and performed by Kurt Weill",Sucesso (Verificado),speak low kurt weill,speak low written and performed by kurt weill,100
S’posin’ Andy Razaf,"S'Posin' by Andy Razaf, Paul Denniker",Sucesso (Verificado),sposin andy razaf,sposin by andy razaf paul denniker,100
Soul Eyes Mal Waldron,Mal Waldron - Soul Eyes (Mal Waldron),Sucesso (Verificado),soul eyes mal waldron,mal waldron soul eyes,100
Splanky Neal Paul Hefti,Neal Hefti  - Splanky,Sucesso (Verificado),splanky neal paul hefti,neal hefti splanky,100
St Louis Blues W. C. Handy,"W.C. Handy ""St. Louis Blues"" On The Ed Sullivan Show",Sucesso (Verificado),st louis blues w c handy,wc handy st louis blues on the ed sullivan show,91
St.Thomas Sonny Rollins,Sonny Rollins - St. Thomas (Official Audio),Sucesso (Verificado),stthomas sonny rollins,sonny rollins st thomas,98
Stardust Hoagy Carmichael,Stardust - Hoagy Carmichael - Original Version,Sucesso (Verificado),stardust hoagy carmichael,stardust hoagy carmichael original version,100
Stablemates Benny Golson,Benny Golson - Stablemates,Sucesso (Verificado),stablemates benny golson,benny golson stablemates,100
Straighten Up And Fly Right Nat King Cole,Straighten Up And Fly Right (Remastered),Sucesso (Verificado),straighten up and fly right nat king cole,straighten up and fly right,100
Stranger on the Shore Acker Bilk,Stranger On The Shore - Acker Bilk,Sucesso (Verificado),stranger on the shore acker bilk,stranger on the shore acker bilk,100
Second Line Parade,New Orleans Second Line: Experience the Soulful Rhythms and Vibrant Parade Perfect Gentlemen,Sucesso (Verificado),second line parade,new orleans second line experience the soulful rhythms and vibrant parade perfect gentlemen,100
Strangers in the Night Bert Kaempfert,Strangers In The Night,Sucesso (Verificado),strangers in the night bert kaempfert,strangers in the night,100
Sunny Bobby Hebb,Bobby Hebb - Sunny (Official Audio),Sucesso (Verificado),sunny bobby hebb,bobby hebb sunny,100
Summertime George Gershwin,Summertime - Porgy and Bess - George Gershwin - 1898-1937 - Piano and Voice,Sucesso (Verificado),summertime george gershwin,summertime porgy and bess george gershwin 18981937 piano and voice,100
Sway Luis Demetrio,Luis Demetrio   Sway,Sucesso (Verificado),sway luis demetrio,luis demetrio sway,100
Sweet Georgia Brown Ben Bernie,1st RECORDING OF: Sweet Georgia Brown - Ben Bernie (1925 instrumental),Sucesso (Verificado),sweet georgia brown ben bernie,1st recording of sweet georgia brown ben bernie,100
Swing 42,Swing 42 - Django Reinhardt,Sucesso (Verificado),swing 42,swing 42 django reinhardt,100
Sweet Lorraine Cliff Burwell,"Sweet Lorraine by Cliff Burwell & Mitchell Parish - Tony DeSare Trio at Shanghai Jazz (Madison, NJ)",Sucesso (Verificado),sweet lorraine cliff burwell,sweet lorraine by cliff burwell mitchell parish tony desare trio at shanghai jazz,100
Sweet Sue – Just You Victor Young,"Sweet Sue, Just You",Sucesso (Verificado),sweet sue just you victor young,sweet sue just you,100
Swing That Music Louis Armsrong,Swing That Music,Sucesso (Verificado),swing that music louis armsrong,swing that music,100
Tea for two Vincent Youmans,Tea for Two,Sucesso (Verificado),tea for two vincent youmans,tea for two,100
Teaneck,Teaneck Sound - 360 Degree Pictures,Sucesso (Verificado),teaneck,teaneck sound 360 degree pictures,100
Taking A Chance On Love Vernon Duke,Taking A Chance On Love (Vernon Duke's song),Sucesso (Verificado),taking a chance on love vernon duke,taking a chance on love,100
Tenderly Walter Gross,Walter Gross - Tenderly,Sucesso (Verificado),tenderly walter gross,walter gross tenderly,100
Days Of Wine And Roses Henry Mancini,Days Of Wine And Roses (REMASTERED),Sucesso (Verificado),days of wine and roses henry mancini,days of wine and roses,100
That Chick’s Too Young To Fry Tommy Edwards,"""That Chick's Too Young To Fry"" Deep River Boys (1946) Jimmy Hilliard & Tommy Edwards song",Sucesso (Verificado),that chicks too young to fry tommy edwards,that chicks too young to fry deep river boys jimmy hilliard tommy edwards song,100
The Christmas Song Robert Wells,The Christmas Song,Sucesso (Verificado),the christmas song robert wells,the christmas song,100
The Duke Dave Brubeck,The Duke,Sucesso (Verificado),the duke dave brubeck,the duke,100
That’s All Alan Brandt,That's All by Alan Brandt  and Bob Haymes - The Carolyn Dolan Quartet | FTLOJ Live Studio Sessions,Sucesso (Verificado),thats all alan brandt,thats all by alan brandt and bob haymes the carolyn dolan quartet ftloj studio sessions,100
The Gypsy,Gypsy (2018 Remaster),Sucesso (Verificado),the gypsy,gypsy,100
The Good Life Sacha Distel,Sacha Distel - The Good Life (Version 1973) (Remasterisé),Sucesso (Verificado),the good life sacha distel,sacha distel the good life,100
The Lady Is a Tramp Richard Rodgers,"The Lady Is a Tramp (Richard Rodgers, Lorenz Hart)",Sucesso (Verificado),the lady is a tramp richard rodgers,the lady is a tramp,100
The Man I Love,"""The Man I Love"" Ella Fitzgerald",Sucesso (Verificado),the man i love,the man i love ella fitzgerald,100
The Man That Got Away Harold Arlen,Harold Arlen - The Gal That Got Away,Sucesso (Verificado),the man that got away harold arlen,harold arlen the gal that got away,94
The Nearness Of You Carmichael,The Nearness Of You,Sucesso (Verificado),the nearness of you carmichael,the nearness of you,100
The Shadow of Your Smile Johnny Mandel,01 The Shadow Of Your Smile • Johnny Mandel,Sucesso (Verificado),the shadow of your smile johnny mandel,01 the shadow of your smile johnny mandel,100
The Party’s Over Betty Comden,Betty Comden - The Party's Over - Piano Backing Track Tutorials - Karaoke,Sucesso (Verificado),the partys over betty comden,betty comden the partys over piano backing track tutorials karaoke,100
The Preacher Horace Silver,The Preacher (Remastered 2004),Sucesso (Verificado),the preacher horace silver,the preacher,100
The Very Thought of You Ray Noble,"1934 HITS ARCHIVE: The Very Thought Of You - Ray Noble (Al Bowlly, vocal)",Sucesso (Verificado),the very thought of you ray noble,1934 hits archive the very thought of you ray noble,100
The Touch of Your Lips Ray Noble,Ray Noble Al Bowlly - The Touch Of  Your Lips 1933,Sucesso (Verificado),the touch of your lips ray noble,ray noble al bowlly the touch of your lips 1933,100
The Way You Look Tonight Jerome Kern,Jerome Kern - The Way You Look Tonight,Sucesso (Verificado),the way you look tonight jerome kern,jerome kern the way you look tonight,100
Theme for Ernie,John Coltrane - Theme For Ernie,Sucesso (Verificado),theme for ernie,john coltrane theme for ernie,100
Then I’ll Be Happy Cliff Friend,Then I'll Be Happy,Sucesso (Verificado),then ill be happy cliff friend,then ill be happy,100
Them There Eyes Maceo Pinkard,"13  Them There Eyes Maceo Pinkard, Doris Tauber and William Tracey",Sucesso (Verificado),them there eyes maceo pinkard,13 them there eyes maceo pinkard doris tauber and william tracey,100
There will never be another you,There Will Never Be Another You (Vocal Version),Sucesso (Verificado),there will never be another you,there will never be another you,100
There Is No Greater Love Isham Jones,There Is No Greater Love,Sucesso (Verificado),there is no greater love isham jones,there is no greater love,100
They Call It Stormy Monday Aaron Walker a.k.a. T-Bone Walker,Call It Stormy Monday,Sucesso (Verificado),they call it stormy monday aaron walker aka tbone walker,call it stormy monday,100
They Can’t Take That Away From Me George Gershwin,They Can't Take That Away from Me,Sucesso (Verificado),they cant take that away from me george gershwin,they cant take that away from me,100
Things Ain’t What They Used To Be Mercer Ellington,Duke Ellington - Things Ain't What They Used To Be (1962) [official video],Sucesso (Verificado),things aint what they used to be mercer ellington,duke ellington things aint what they used to be,94
This Love of Mine Sol Parker,This Love of Mine,Sucesso (Verificado),this love of mine sol parker,this love of mine,100
Till There Was You Meredith Wilson,Till There Was You (Remastered 2009),Sucesso (Verificado),till there was you meredith wilson,till there was you,100
Tombe la neige Salvatore Adamo,Tombe la Neige (Remastered),Sucesso (Verificado),tombe la neige salvatore adamo,tombe la neige,100
This Masquerade Leon Russell,This Masquerade,Sucesso (Verificado),this masquerade leon russell,this masquerade,100
Too Many Tears Harry Warren,Too Many Tears (Remastered),Sucesso (Verificado),too many tears harry warren,too many tears,100
Triste Antônio Carlos Jobim,Triste,Sucesso (Verificado),triste antônio carlos jobim,triste,100
"Toot, Toot, Tootsie (Goo’ Bye!) Gus Kahn","Toot, Toot, Tootsie! – Gus Kahn, Ernie Erdman and Dan Russo",Sucesso (Verificado),toot toot tootsie gus kahn,toot toot tootsie gus kahn ernie erdman and dan russo,100
Twelfth Street Rag Euday L. Bowman,"12th Street Rag by Euday L. Bowman ~ Aaron Robinson, piano",Sucesso (Verificado),twelfth street rag euday l bowman,12th street rag by euday l bowman aaron robinson piano,86
Tuxedo Junction Erskine Hawkins,1st RECORDING OF: Tuxedo Junction - Erskine Hawkins (1939),Sucesso (Verificado),tuxedo junction erskine hawkins,1st recording of tuxedo junction erskine hawkins,100
Un homme et une femme Francis Lai,Francis Lai - A Man and A Woman - Un Homme et Une Femme,Sucesso (Verificado),un homme et une femme francis lai,francis lai a man and a woman un homme et une femme,100
Two for the Road Henry Mancini,Henry Mancini Two For The Road (original motion picture soundtrack),Sucesso (Verificado),two for the road henry mancini,henry mancini two for the road,100
Unchained Melody Alex North,"Unchained Melody (From ""Unchained"")",Sucesso (Verificado),unchained melody alex north,unchained melody,100
Up a Lazy River Hoagy Carmichael,1st RECORDING OF: Lazy River - Hoagy Carmichael (1930),Sucesso (Verificado),up a lazy river hoagy carmichael,1st recording of lazy river hoagy carmichael,92
Undecided Sid Robin,Undecided - Charles Shavers | Sid Robin,Sucesso (Verificado),undecided sid robin,undecided charles shavers sid robin,100
Veja Bem Meu Bem,"Veja Bem, Meu Bem",Sucesso (Verificado),veja bem meu bem,veja bem meu bem,100
Volare Domenico Modugno,Volare (Nel Blu Dipinto Di Blu) (Remastered),Sucesso (Verificado),volare domenico modugno,volare,100
Virgo Wayne Shorter,Virgo (Remastered 2004 / Rudy Van Gelder Edition),Sucesso (Verificado),virgo wayne shorter,virgo,100
Watermelon Man Herbie Hancock,Watermelon Man,Sucesso (Verificado),watermelon man herbie hancock,watermelon man,100
Walkin’ My Baby Back Home Fred E. Ahlert,Walkin' My Baby Back Home (Words Roy Turk Music by Fred E. Ahlert),Sucesso (Verificado),walkin my baby back home fred e ahlert,walkin my baby back home,100
Voyage Kenny Barron,Voyage,Sucesso (Verificado),voyage kenny barron,voyage,100
Wave Antonio Carlos Jobim,Wave,Sucesso (Verificado),wave antonio carlos jobim,wave,100
Way down yonder in New Orleans Joe Turner Layton,Way Down Yonder In New Orleans,Sucesso (Verificado),way down yonder in new orleans joe turner layton,way down yonder in new orleans,100
What a Wonderful World Bob Thiele,Bob Thiele & Georg David Weis - What A Wonderful World (Lyrics),Sucesso (Verificado),what a wonderful world bob thiele,bob thiele georg david weis what a wonderful world,100
What Is This Thing Called Love Cole Porter,What Is This Thing Called Love,Sucesso (Verificado),what is this thing called love cole porter,what is this thing called love,100
"Well, You Needn’t Thelonious Monk",Well You Needn't by Thelonious Monk from 'Monk's Music',Sucesso (Verificado),well you neednt thelonious monk,well you neednt by thelonious monk from monks music,100
When I Fall In Love Victor Young,When I Fall in Love,Sucesso (Verificado),when i fall in love victor young,when i fall in love,100
Whatever Lola wants Richard Adler,Richard Adler - Jerry Ross: Whatever Lola wants,Sucesso (Verificado),whatever lola wants richard adler,richard adler jerry ross whatever lola wants,100
When the Saints,"Lady Gaga - Oh, When The Saints (Official Audio)",Sucesso (Verificado),when the saints,lady gaga oh when the saints,100
When Sunny Gets Blue Marvin Fisher,"When Sunny Gets Blue - Jack Segal & Marvin Fisher, 1946",Sucesso (Verificado),when sunny gets blue marvin fisher,when sunny gets blue jack segal marvin fisher 1946,100
When I Grow Too Old To Dream Sigmund Romberg,When I Grow Too Old to Dream / Remember,Sucesso (Verificado),when i grow too old to dream sigmund romberg,when i grow too old to dream remember,86
When Will the Blues Leave Ornette Coleman,Ornette Coleman - When Will The Blues Leave (Official Audio),Sucesso (Verificado),when will the blues leave ornette coleman,ornette coleman when will the blues leave,100
White Christmas Irving Berlin,"""White Christmas"" from Irving Berlin's WHITE CHRISTMAS (Official Lyric Video)",Sucesso (Verificado),white christmas irving berlin,white christmas from irving berlins white christmas,91
When you`re smiling Larry Shay,"Larry Shay, Mark Fisher, Joe Goodwin: When You're Smiling arr. by Tom Kubis",Sucesso (Verificado),when youre smiling larry shay,larry shay mark fisher joe goodwin when youre smiling arr by tom kubis,100
Who walk in when I walk out Al Goodhart,Who walks in When I Walk Out  by Ralph Freed/Al Hofman/Al Goodhart(Recording with dixieland band),Sucesso (Verificado),who walk in when i walk out al goodhart,who walks in when i walk out by ralph freedal hofmanal goodhart,95
Who Can I Turn To? Anthony Newley,Who Can I turn To (remastered audio) - Anthony Newley,Sucesso (Verificado),who can i turn to anthony newley,who can i turn to anthony newley,100
Whisper Not Benny Golson,♫ Whisper Not / Benny Golson Quintet,Sucesso (Verificado),whisper not benny golson,whisper not benny golson quintet,100
Who`s Sorry Now Ted Snyder,Ted Snyder: Who's Sorry Now - Salena Jones,Sucesso (Verificado),whos sorry now ted snyder,ted snyder whos sorry now salena jones,100
Windows Chick Corea,Windows,Sucesso (Verificado),windows chick corea,windows,100
Willow Weep for Me Ann Ronell,Χάρης Παπασιδέρης - Willow Weep For Me by Ann Ronell,Sucesso (Verificado),willow weep for me ann ronell,χάρης παπασιδέρης willow weep for me by ann ronell,100
Yardbird Suite Charlie Parker,Charlie Parker - Yardbird Suite (Official Audio),Sucesso (Verificado),yardbird suite charlie parker,charlie parker yardbird suite,100
Witchcraft Cy Coleman,Cy Coleman - Witchcraft,Sucesso (Verificado),witchcraft cy coleman,cy coleman witchcraft,100
Wolverine blues Jelly Roll Morton,Jelly Roll Morton - Wolverine Blues,Sucesso (Verificado),wolverine blues jelly roll morton,jelly roll morton wolverine blues,100
You Always Hurt The One You Love Allan Roberts,You Always Hurt The One You Love (1958 Version),Sucesso (Verificado),you always hurt the one you love allan roberts,you always hurt the one you love,100
You Are The Sunshine of My Life Stevie Wonder,You Are The Sunshine Of My Life,Sucesso (Verificado),you are the sunshine of my life stevie wonder,you are the sunshine of my life,100
Yesterdays Jerome Kern,Yesterdays,Sucesso (Verificado),yesterdays jerome kern,yesterdays,100
You Made Me Love You James V. Monaco,You Made Me Love You,Sucesso (Verificado),you made me love you james v monaco,you made me love you,100
You Can Depend On Me Charles Carpenter,You can depend on me,Sucesso (Verificado),you can depend on me charles carpenter,you can depend on me,100
You Make Me Feel So Young Josef Myrow,You Make me Feel so Young - by Josef Myrow,Sucesso (Verificado),you make me feel so young josef myrow,you make me feel so young by josef myrow,100
